"","Gene Number","Repair Template Upstream","Repair Template Downstream","Gene Information"
"1",1,"ACTCACCATACTGTTCTTCTACCCACCATATTGAAACGCTAACAA","CTGCCCTTAATACATACGTTATACCACTTTTGCACCATATACTTA","ID=YAL069W;Name=YAL069W;Ontology_term=GO:0003674,GO:0005575,GO:0008150,SO:0000704;Note=Dubious%20open%20reading%20frame%3B%20unlikely%20to%20encode%20a%20functional%20protein%2C%20based%20on%20available%20experimental%20and%20comparative%20sequence%20data;display=Dubious%20open%20reading%20frame;dbxref=SGD:S000002143;orf_classification=Dubious;curie=SGD:S000002143"
"2",2,"TGGCCCATCTCTCACTGAATCAGTACCAAATGCACTCACATCATT","ACATATTGGCTTGTGGTAGCAACACTATCATGGTATCACTAACGT","ID=YAL068W-A;Name=YAL068W-A;Ontology_term=GO:0003674,GO:0005575,GO:0008150,SO:0000704;Note=Dubious%20open%20reading%20frame%3B%20unlikely%20to%20encode%20a%20functional%20protein%2C%20based%20on%20available%20experimental%20and%20comparative%20sequence%20data%3B%20identified%20by%20gene-trapping%2C%20microarray-based%20expression%20analysis%2C%20and%20genome-wide%20homology%20searching;display=Dubious%20open%20reading%20frame;dbxref=SGD:S000028594;orf_classification=Dubious;curie=SGD:S000028594"
"3",3,"AAAGGACAATTCGAATATAGTCGTGATTGTTTGTTTTGTTTATGT","TCTGTTTGCGGTTAAAATGCTTGCCCAAAGGTATCTTTAACTTTT","ID=YAL068C;Name=YAL068C;gene=PAU8;Alias=PAU8,seripauperin%20PAU8;Ontology_term=GO:0003674,GO:0005575,GO:0030437,GO:0045944,SO:0000704;Note=Protein%20of%20unknown%20function%3B%20member%20of%20the%20seripauperin%20multigene%20family%20encoded%20mainly%20in%20subtelomeric%20regions;display=Protein%20of%20unknown%20function;dbxref=SGD:S000002142;orf_classification=Verified;curie=SGD:S000002142"
"4",4,"CTGTTTTATGGCGCTTATGTGTATTCGTATGCGCAGAATGTGGGA","GGTCTGTAAACTTGTGAACTCTCGGCAAATGCCTTGGTGCAATTA","ID=YAL067W-A;Name=YAL067W-A;Ontology_term=GO:0003674,GO:0005575,GO:0008150,SO:0000704;Note=Putative%20protein%20of%20unknown%20function%3B%20identified%20by%20gene-trapping%2C%20microarray-based%20expression%20analysis%2C%20and%20genome-wide%20homology%20searching;display=Putative%20protein%20of%20unknown%20function;dbxref=SGD:S000028593;orf_classification=Uncharacterized;curie=SGD:S000028593"
"5",5,"ATTTTTTTTAATGTTTCTCTTGATGACGTATATATTTATTGTATG","ATGCTCTTATTAAAGAGTAGTAGGTCGAAATTGTGTTTTAAGCGT","ID=YAL067C;Name=YAL067C;gene=SEO1;Alias=SEO1,putative%20permease%20SEO1;Ontology_term=GO:0015124,GO:0016020,GO:0055085,GO:0055085,GO:0071944,SO:0000704;Note=Putative%20permease%3B%20member%20of%20the%20allantoate%20transporter%20subfamily%20of%20the%20major%20facilitator%20superfamily%3B%20mutation%20confers%20resistance%20to%20ethionine%20sulfoxide;display=Putative%20permease;dbxref=SGD:S000000062;orf_classification=Verified;curie=SGD:S000000062"
"6",6,"GATATAATAACGTTATACGGATAACTTTATTTCAAAAGCACCATC","AAAATCACAGTACAAAAATTTTGAATTTATGTATAACCGTTTCGC","ID=YAL066W;Name=YAL066W;Ontology_term=GO:0003674,GO:0005575,GO:0008150,SO:0000704;Note=Dubious%20open%20reading%20frame%3B%20unlikely%20to%20encode%20a%20functional%20protein%2C%20based%20on%20available%20experimental%20and%20comparative%20sequence%20data;display=Dubious%20open%20reading%20frame;dbxref=SGD:S000000061;orf_classification=Dubious;curie=SGD:S000000061"
"7",7,"TGTACCTCCGGTGTCTGATGCTTACTTCTCAGACAGTCGAGATTT","TGCGTGCCGTAGTAGAATATAATTATTAAGATAGTAGTGCGAATA","ID=YAL065C;Name=YAL065C;Ontology_term=GO:0003674,GO:0005575,GO:0008150,SO:0000704;Note=Putative%20protein%20of%20unknown%20function%3B%20shows%20sequence%20similarity%20to%20FLO1%20and%20other%20flocculins;display=Putative%20protein%20of%20unknown%20function;dbxref=SGD:S000001817;orf_classification=Uncharacterized;curie=SGD:S000001817"
"8",8,"TAGACCGTAACAACATCATTCACAGTAGCCGTGGCCGTCGAAACA","GATTCGCAGGATGTCACGGTAACCAAAGTGGTTTGTTCGCTCGTT","ID=YAL064W-B;Name=YAL064W-B;Ontology_term=GO:0003674,GO:0005783,GO:0008150,SO:0000704;Note=Fungal-specific%20protein%20of%20unknown%20function;display=Fungal-specific%20protein%20of%20unknown%20function;dbxref=SGD:S000002141;orf_classification=Uncharacterized;curie=SGD:S000002141"
"9",9,"CTAAATGAACCAAAGATATGATAGGGTTTTTTGCGATGAGATCTT","AGGAAGTTTTGTATGATGATCGTGGTAGCGTTGATGGTGAAGCTG","ID=YAL064C-A;Name=YAL064C-A;gene=TDA8;Alias=TDA8,YAL065C-A;Ontology_term=GO:0003674,GO:0005575,GO:0008150,SO:0000704;Note=Putative%20protein%20of%20unknown%20function%3B%20null%20mutant%20is%20sensitive%20to%20expression%20of%20the%20top1-T722A%20allele%3B%20not%20an%20essential%20gene;display=Putative%20protein%20of%20unknown%20function;dbxref=SGD:S000002140;orf_classification=Uncharacterized;curie=SGD:S000002140"
"10",10,"CAATGCGAATATACTGCAACTTTTCGGCCTTTGCAACGATTTGTA","GTCGAAAATTTAAGGCCACATAAATCCAGAGCCCGCAACTTGGAT","ID=YAL064W;Name=YAL064W;Ontology_term=GO:0003674,GO:0005575,GO:0008150,SO:0000704;Note=Protein%20of%20unknown%20function%3B%20may%20interact%20with%20ribosomes%2C%20based%20on%20co-purification%20experiments;display=Protein%20of%20unknown%20function;dbxref=SGD:S000000060;orf_classification=Verified;curie=SGD:S000000060"
"11",11,"AAAGGAAACGAAAAAAAGACCTAGAGTACTCCAGGGTGACATACA","ATACGACAGGAATTAAAAGTACAATGTAATAGTTGAAAACGTAAA","ID=YAL063C-A;Name=YAL063C-A;Ontology_term=GO:0003674,GO:0005575,GO:0008150,SO:0000704;Note=Putative%20protein%20of%20unknown%20function%3B%20identified%20by%20expression%20profiling%20and%20mass%20spectrometry;display=Putative%20protein%20of%20unknown%20function;dbxref=SGD:S000028813;orf_classification=Uncharacterized;curie=SGD:S000028813"
"12",12,"TTTAACGTTAAATTTTTCTTGTTAACATGTTATTTTCGGGGTTTT","ATTTTAAGCGCAAGAAAAATGCATAGACACATAGAAAAGAAACGA","ID=YAL063C;Name=YAL063C;gene=FLO9;Alias=FLO9,flocculin%20FLO9;Ontology_term=GO:0000128,GO:0000128,GO:0005537,GO:0009277,GO:0031589,SO:0000704;Note=Lectin-like%20protein%20with%20similarity%20to%20Flo1p%3B%20thought%20to%20be%20expressed%20and%20involved%20in%20flocculation;display=Lectin-like%20protein%20with%20similarity%20to%20Flo1p;dbxref=SGD:S000000059;orf_classification=Verified;curie=SGD:S000000059"
"13",13,"GGGAAGTAGCAACAGTCACCGAAAAGAAAAGGTAAAAAGTAAAAA","CCGTAAGCGCTATTTTCTTTTTGTTCGTAACTATCTGTGTATGTA","ID=YAL062W;Name=YAL062W;gene=GDH3;Alias=GDH3,FUN51,glutamate%20dehydrogenase%20%28NADP%28+%29%29%20GDH3;Ontology_term=GO:0004354,GO:0004354,GO:0005634,GO:0005739,GO:0005739,GO:0006537,SO:0000704;Note=NADP%28+%29-dependent%20glutamate%20dehydrogenase%3B%20synthesizes%20glutamate%20from%20ammonia%20and%20alpha-ketoglutarate%3B%20rate%20of%20alpha-ketoglutarate%20utilization%20differs%20from%20Gdh1p%3B%20expression%20regulated%20by%20nitrogen%20and%20carbon%20sources%3B%20GDH3%20has%20a%20paralog%2C%20GDH1%2C%20that%20arose%20from%20the%20whole%20genome%20duplication;display=NADP%28+%29-dependent%20glutamate%20dehydrogenase;dbxref=SGD:S000000058;orf_classification=Verified;curie=SGD:S000000058"
"14",14,"CAACAGCAATAAGAATAACAATAAATTCATTGAACATATTTCAGA","TTGTGATTGAGTACTCACGTTCTCGTGTTAATCCCGCGGTCTTCT","ID=YAL061W;Name=YAL061W;gene=BDH2;Alias=BDH2,putative%20dehydrogenase%20BDH2;Ontology_term=GO:0005634,GO:0005737,GO:0008150,GO:0016616,GO:0016616,SO:0000704;Note=Putative%20medium-chain%20alcohol%20dehydrogenase%20with%20similarity%20to%20BDH1%3B%20transcription%20induced%20by%20constitutively%20active%20PDR1%20and%20PDR3;display=Putative%20medium-chain%20alcohol%20dehydrogenase%20with%20similarity%20to%20BDH1;dbxref=SGD:S000000057;orf_classification=Uncharacterized;curie=SGD:S000000057"
"15",15,"TCAGAAAAAAAAAAAAAAAGGAACTAAAAAAAGTTTTAATTAATT","TGACAAAATAATATTTGGGGCCCCTCGCGGCTCATTTGTAGTATC","ID=YAL060W;Name=YAL060W;gene=BDH1;Alias=BDH1,%28R%2CR%29-butanediol%20dehydrogenase,BDH;Ontology_term=GO:0000721,GO:0005737,GO:0005737,GO:0006066,GO:0034079,SO:0000704;Note=NAD-dependent%20%28R%2CR%29-butanediol%20dehydrogenase%3B%20catalyzes%20oxidation%20of%20%28R%2CR%29-2%2C3-butanediol%20to%20%283R%29-acetoin%2C%20oxidation%20of%20meso-butanediol%20to%20%283S%29-acetoin%2C%20and%20reduction%20of%20acetoin%3B%20enhances%20use%20of%202%2C3-butanediol%20as%20an%20aerobic%20carbon%20source;display=NAD-dependent%20%28R%2CR%29-butanediol%20dehydrogenase;dbxref=SGD:S000000056;orf_classification=Verified;curie=SGD:S000000056"
"16",16,"TATCAGAGTAACCACGATAGGGTCGGTCGGAAAGAACATAAAACT","TCCCAGGAATTGGTTTTTTTAAAAGTCGAGTAGCGGTTCAACTTA","ID=YAL059C-A;Name=YAL059C-A;Ontology_term=GO:0003674,GO:0005575,GO:0008150,SO:0000704;Note=Dubious%20open%20reading%20frame%3B%20unlikely%20to%20encode%20a%20functional%20protein%2C%20based%20on%20available%20experimental%20and%20comparative%20sequence%20data%3B%20partially%20overlaps%20verified%20gene%20ECM1/YAL059W;display=Dubious%20open%20reading%20frame;dbxref=SGD:S000028734;orf_classification=Dubious;curie=SGD:S000028734"
"17",17,"ATGAGCTGAAAATTTTTTTGGTTAAGGACCCTTTAGAAGTATTGA","AAAATTTTCATATGAAAGGTCCTAGGAATACACGATTCTTGTACG","ID=YAL059W;Name=YAL059W;gene=ECM1;Alias=ECM1;Ontology_term=GO:0000055,GO:0000055,GO:0003674,GO:0005634,GO:0005634,GO:0005730,GO:0030687,SO:0000704;Note=Pre-ribosomal%20factor%20involved%20in%2060S%20ribosomal%20protein%20subunit%20export%3B%20associates%20with%20the%20pre-60S%20particle%3B%20shuttles%20between%20the%20nucleus%20and%20cytoplasm;display=Pre-ribosomal%20factor%20involved%20in%2060S%20ribosomal%20protein%20subunit%20export;dbxref=SGD:S000000055;orf_classification=Verified;curie=SGD:S000000055"
"18",18,"GGCAACGCATTTCTAATATAGATAACGGCCACACAAAGTAGTACT","TGGACAAGTGTTAGTTTATAACATGGTCTCAATAATTGCACCACA","ID=YAL058W;Name=YAL058W;gene=CNE1;Alias=CNE1,FUN48,calnexin;Ontology_term=GO:0005515,GO:0005783,GO:0006457,GO:0030176,GO:0030433,GO:0051082,GO:0051082,SO:0000704;Note=Calnexin%3B%20integral%20membrane%20ER%20chaperone%20involved%20in%20folding%20and%20quality%20control%20of%20glycoproteins%3B%20chaperone%20activity%20is%20inhibited%20by%20Mpd1p%2C%20with%20which%20Cne1p%20interacts%3B%2024%%20identical%20to%20mammalian%20calnexin%3B%20Ca+%20binding%20not%20yet%20shown%20in%20yeast;display=Calnexin;dbxref=SGD:S000000054;orf_classification=Verified;curie=SGD:S000000054"
"19",19,"ATAATATGTAGTAGTAAATTAGTACTACTATTATAACTATGATAT","TACAACGAATAGTTGTACAAACCTCTAGGTGAGGTTTTGAGCTCC","ID=YAL056C-A;Name=YAL056C-A;Alias=YAL058C-A;Ontology_term=GO:0003674,GO:0005575,GO:0008150,SO:0000704;Note=Dubious%20open%20reading%20frame%3B%20unlikely%20to%20encode%20a%20functional%20protein%2C%20based%20on%20available%20experimental%20and%20comparative%20sequence%20data;display=Dubious%20open%20reading%20frame;dbxref=SGD:S000002139;orf_classification=Dubious;curie=SGD:S000002139"
"20",20,"TGTGATTCATTGGCAGGTCCATTGTCGCATTACTAAATCATAGGC","AAAGGCAGTTTTCAATGCTTTCACTTTGTAAACTTTGTTTAGTAG","ID=YAL056W;Name=YAL056W;gene=GPB2;Alias=GPB2,KRH1;Ontology_term=GO:0001403,GO:0001403,GO:0004862,GO:0004862,GO:0005737,GO:0005739,GO:0005886,GO:0007124,GO:0007124,GO:0010255,GO:0010255,GO:0030437,GO:0032794,GO:0045944,GO:0046580,SO:0000704;Note=Multistep%20regulator%20of%20cAMP-PKA%20signaling%3B%20inhibits%20PKA%20downstream%20of%20Gpa2p%20and%20Cyr1p%2C%20thereby%20increasing%20cAMP%20dependency%3B%20inhibits%20Ras%20activity%20through%20direct%20interactions%20with%20Ira1p/2p%3B%20regulated%20by%20G-alpha%20protein%20Gpa2p%3B%20GPB2%20has%20a%20paralog%2C%20GPB1%2C%20that%20arose%20from%20the%20whole%20genome%20duplication;display=Multistep%20regulator%20of%20cAMP-PKA%20signaling;dbxref=SGD:S000000052;orf_classification=Verified;curie=SGD:S000000052"
"21",21,"ACAATGAAACAATAATGAAGAATAAAGAAGAAGAAGATATAAAAC","TGTAGAAAAGAGTTTCTTGTAACAGTATGTAAAGAATAAATAATT","ID=YAL055W;Name=YAL055W;gene=PEX22;Alias=PEX22,YAF5,ubiquitin-protein%20transferase%20activating%20protein%20PEX22;Ontology_term=GO:0005737,GO:0016562,GO:0031398,GO:0097027,GO:1902499,SO:0000704;Note=Putative%20peroxisomal%20membrane%20protein%3B%20required%20for%20import%20of%20peroxisomal%20proteins%3B%20functionally%20complements%20a%20Pichia%20pastoris%20pex22%20mutation;display=Putative%20peroxisomal%20membrane%20protein;dbxref=SGD:S000000051;orf_classification=Verified;curie=SGD:S000000051"
"22",22,"TTGGTTTGTATAGTTTTGATGATCTTTCTGTAACGGGTGACACGA","ACTACTAAAGAAAGGAAAAATATAACTGCTGAAAAAAAAAAAGCA","ID=YAL054C;Name=YAL054C;gene=ACS1;Alias=ACS1,FUN44,acetate--CoA%20ligase%201;Ontology_term=GO:0003987,GO:0005739,GO:0005739,GO:0005829,GO:0006085,GO:0016573,GO:0016880,GO:0019654,SO:0000704;Note=Acetyl-coA%20synthetase%20isoform%3B%20along%20with%20Acs2p%2C%20acetyl-coA%20synthetase%20isoform%20is%20the%20nuclear%20source%20of%20acetyl-coA%20for%20histone%20acetylation%3B%20expressed%20during%20growth%20on%20nonfermentable%20carbon%20sources%20and%20under%20aerobic%20conditions;display=Acetyl-coA%20synthetase%20isoform;dbxref=SGD:S000000050;orf_classification=Verified;curie=SGD:S000000050"
"23",23,"TGTTTCATTACGATTATATTGACGTGATAAAAAGATTATATAGCC","TCCAATATATACTCACATGTAACAACTTATTATATAAATATTTAA","ID=YAL053W;Name=YAL053W;gene=FLC2;Alias=FLC2,flavin%20adenine%20dinucleotide%20transporter%20FLC2;Ontology_term=GO:0005737,GO:0005783,GO:0006457,GO:0009272,GO:0015230,GO:0015883,GO:0030148,GO:0055074,GO:0055085,GO:0071476,SO:0000704;Note=Putative%20calcium%20channel%20involved%20in%20calcium%20release%20under%20hypotonic%20stress%3B%20required%20for%20uptake%20of%20FAD%20into%20endoplasmic%20reticulum%3B%20involved%20in%20cell%20wall%20maintenance%3B%20FLC2%20has%20a%20paralog%2C%20YOR365C%2C%20that%20arose%20from%20the%20whole%20genome%20duplication;display=Putative%20calcium%20channel%20involved%20in%20calcium%20release%20under%20hypotonic;dbxref=SGD:S000000049;orf_classification=Verified;curie=SGD:S000000049"
"24",24,"TTTTGTGTTAGAAGCAGGTTAATAATAGATTAGGTTGCGTAAGTC","AAATTTTCTTTCCAAACTCCTACCTATTCATTTCATCAATTAATT","ID=YAL051W;Name=YAL051W;gene=OAF1;Alias=OAF1,YAF1,oleate-activated%20transcription%20factor%20OAF1;Ontology_term=GO:0000978,GO:0000978,GO:0001228,GO:0001228,GO:0001228,GO:0032000,GO:0043565,GO:0043565,GO:0045944,GO:0061429,GO:0061429,GO:0089716,GO:0089716,SO:0000704;Note=Oleate-activated%20transcription%20factor%3B%20subunit%20of%20a%20heterodimeric%20complex%20with%20Pip2p%2C%20which%20binds%20to%20oleate-response%20elements%20%28ORE%29%20in%20the%20promoter%20of%20genes%20involved%20in%20beta-oxidation%20of%20fatty%20acids%2C%20peroxisome%20organization%20and%20biogenesis%2C%20activating%20transcription%20in%20the%20presence%20of%20oleate%3B%20regulates%20chromatin%20silencing%20at%20telomeres%3B%20involved%20in%20diauxic%20shift%3B%20OAF1%20has%20a%20paralog%2C%20PIP2%2C%20that%20arose%20from%20the%20whole%20genome%20duplication;display=Oleate-activated%20transcription%20factor;dbxref=SGD:S000000048;orf_classification=Verified;curie=SGD:S000000048"
"25",25,"AAAGGTGATGCAGATTGATGTCGTCTTGTTTTAATAAAGTTAGTT","CTCCCTTCTCGAGAAGAATGCAATTGGCAATATATGTATATATAT","ID=YAL049C;Name=YAL049C;gene=AIM2;Alias=AIM2,protein%20AIM2;Ontology_term=GO:0003674,GO:0005737,GO:0008150,SO:0000704;Note=Cytoplasmic%20protein%20involved%20in%20mitochondrial%20function%20or%20organization%3B%20null%20mutant%20displays%20reduced%20frequency%20of%20mitochondrial%20genome%20loss%3B%20potential%20Hsp82p%20interactor;display=Cytoplasmic%20protein%20involved%20in%20mitochondrial%20function%20or%20organization;dbxref=SGD:S000000047;orf_classification=Verified;curie=SGD:S000000047"
"26",26,"TTGTTTTTATCGCCTGAAGATTTATGATTACACAACTTGTTGTGT","AATTACGGGTTTAAAGATATAATCCCTTCACAACGTAAAGATACT","ID=YAL048C;Name=YAL048C;gene=GEM1;Alias=GEM1,ERMES%20complex%20Ca%282+%29-binding%20regulatory%20GTPase%20GEM1,GON1;Ontology_term=GO:0000001,GO:0000001,GO:0003924,GO:0005509,GO:0005739,GO:0005741,GO:0005741,GO:0010821,GO:0015886,GO:0032865,GO:0032865,GO:0055091,GO:1990456,GO:1990456,SO:0000704;Note=Outer%20mitochondrial%20membrane%20GTPase%2C%20subunit%20of%20the%20ERMES%20complex%3B%20potential%20regulatory%20subunit%20of%20the%20ERMES%20complex%20that%20links%20the%20ER%20to%20mitochondria%20and%20may%20promote%20inter-organellar%20calcium%20and%20phospholipid%20exchange%20as%20well%20as%20coordinating%20mitochondrial%20DNA%20replication%20and%20growth%3B%20cells%20lacking%20Gem1p%20contain%20collapsed%2C%20globular%2C%20or%20grape-like%20mitochondria%3B%20ortholog%20of%20metazoan%20Miro%20GTPases;display=Outer%20mitochondrial%20membrane%20GTPase%2C%20subunit%20of%20the%20ERMES%20complex;dbxref=SGD:S000000046;orf_classification=Verified;curie=SGD:S000000046"
"27",27,"ACAAGCCAAATTACGTCGGCGGACTTCAACTCATGGTCTAAAGCT","AGGTATCGATCAAATATGTTGCTAGAGAGTGACTGAGTGTTACAT","ID=YAL047W-A;Name=YAL047W-A;Ontology_term=GO:0003674,GO:0005575,GO:0008150,SO:0000704;Note=Dubious%20open%20reading%20frame%3B%20unlikely%20to%20encode%20a%20functional%20protein%2C%20based%20on%20available%20experimental%20and%20comparative%20sequence%20data%3B%20partially%20overlaps%20ORF%20GEM1/YAL048C;display=Dubious%20open%20reading%20frame;dbxref=SGD:S000028733;orf_classification=Dubious;curie=SGD:S000028733"
"28",28,"GATTATAGTTTTTTGATTCGTTTGTTGTATTCCTTTCAATATCGG","TATAGTATGCAAATATATATTTATATAAATTACATTGTGAGTCAG","ID=YAL047C;Name=YAL047C;gene=SPC72;Alias=SPC72,LDB4,gamma-tubulin%20complex%20subunit%20SPC72;Ontology_term=GO:0005816,GO:0005824,GO:0005876,GO:0007020,GO:0030953,GO:0031122,GO:0031578,GO:0031578,GO:0044877,GO:0044877,GO:0051010,GO:0061499,GO:0099609,GO:0110121,GO:1905721,GO:1990734,SO:0000704;Note=Gamma-tubulin%20small%20complex%20%28gamma-TuSC%29%20receptor%3B%20recruits%20the%20gamma-TuSC%20complex%20to%20the%20cytoplasmic%20side%20of%20the%20SPB%2C%20connecting%20nuclear%20microtubules%20to%20the%20SPB%3B%20involved%20in%20astral%20microtubule%20formation%2C%20stabilization%2C%20and%20with%20Stu2p%2C%20anchoring%20astral%20MTs%20at%20the%20cytoplasmic%20face%20of%20the%20SPB%2C%20and%20regulating%20plus-end%20MT%20dynamics%3B%20regulated%20by%20Cdc5%20kinase;display=Gamma-tubulin%20small%20complex%20%28gamma-TuSC%29%20receptor;dbxref=SGD:S000000045;orf_classification=Verified;curie=SGD:S000000045"
"29",29,"CAGTGACTCTTGGTATTTTCGCTTTTCTCTTCCATTTTGTATCTT","TGTCAAACCTTGGTTTTTTCGAGCACATTCATAGTGAAAATCAAA","ID=YAL046C;Name=YAL046C;gene=BOL3;Alias=BOL3,AIM1;Ontology_term=GO:0003674,GO:0005759,GO:0106035,GO:0106035,GO:0106035,GO:0106035,SO:0000704;Note=Protein%20involved%20in%20Fe-S%20cluster%20transfer%20to%20mitochondrial%20clients%3B%20protects%20[4Fe-4S]%20clusters%20from%20damage%20due%20to%20oxidative%20stress%20by%20acting%20along%20with%20Nfu1p%20at%20a%20late%20step%20in%20the%20transfer%20of%20[4Fe-4S]%20clusters%20from%20the%20ISA%20complex%20to%20mitochondrial%20client%20proteins%20like%20lipoate%20synthase%20and%20succinate%20dehydrogenase%3B%20sequence%20similarity%20to%20human%20BOLA%20family%20member%2C%20BOLA3%2C%20mutations%20of%20which%20are%20associated%20with%20Multiple%20Mitochondria%20Dysfunctions%20Syndrome%20%28MMDS2%29;display=Protein%20involved%20in%20Fe-S%20cluster%20transfer%20to%20mitochondrial%20clients;dbxref=SGD:S000000044;orf_classification=Verified;curie=SGD:S000000044"
"30",30,"AAACCTAAGTATGAGGACACCCCAGAAATCACTGTTAACATTTCG","GCTACGATAAGAGAAAAACTAAGCAGTAAGGCCTTGTATATATTC","ID=YAL045C;Name=YAL045C;Ontology_term=GO:0003674,GO:0005575,GO:0008150,SO:0000704;Note=Dubious%20open%20reading%20frame%3B%20unlikely%20to%20encode%20a%20functional%20protein%2C%20based%20on%20available%20experimental%20and%20comparative%20sequence%20data%3B%20almost%20completely%20overlaps%20YAL044W-A;display=Dubious%20open%20reading%20frame;dbxref=SGD:S000000043;orf_classification=Dubious;curie=SGD:S000000043"
"31",31,"AAGAGAATAGCATCGTTAGCAGCAAACGAAAGTGGAAAGAGAATA","AATGCATAAGCATAAGTGTACACGTTGAGTTTATTGTTTTATTTC","ID=YAL044W-A;Name=YAL044W-A;gene=BOL1;Alias=BOL1;Ontology_term=GO:0003674,GO:0005759,GO:0044572,GO:0044572,GO:0044572,GO:0106035,SO:0000704;Note=Mitochondrial%20matrix%20protein%20involved%20in%20Fe-S%20cluster%20biogenesis%3B%20facilitates%20[4Fe-2S]%20cluster%20inception%20into%20mitochondrial%20proteins%20such%20as%20lipoate%20synthase%20and%20succinate%20dehydrogenase%3B%20interacts%20and%20may%20function%20with%20Grx5p%20at%20an%20early%20step%20in%20Fe-S%20cluster%20biosynthesis%3B%20forms%20dimeric%20complexes%20with%20Grx5p%20and%20Nfu1p%20that%20alter%20the%20stability%20of%20shared%20Fe/S%20clusters%3B%20sequence%20similarity%20to%20human%20BOLA%20family%20member%2C%20BOLA1%20and%20S.%20pombe%20uvi31%2C%20a%20putative%20DNA%20repair%20protein;display=Mitochondrial%20matrix%20protein%20involved%20in%20Fe-S%20cluster%20biogenesis;dbxref=SGD:S000007586;orf_classification=Verified;curie=SGD:S000007586"
"32",32,"AGATTACCCTTTCCCTTAGAGGTGTACTTCGTATGGTGTAGCTGT","TGTTTCGAATATGCATGCATTTCATTAAAGTATATATACATATAT","ID=YAL044C;Name=YAL044C;gene=GCV3;Alias=GCV3,glycine%20decarboxylase%20subunit%20H;Ontology_term=GO:0005739,GO:0005739,GO:0005739,GO:0005739,GO:0005960,GO:0006546,GO:0006730,GO:0009249,GO:0031405,SO:0000704;Note=H%20subunit%20of%20the%20mitochondrial%20glycine%20decarboxylase%20complex%3B%20glycine%20decarboxylase%20is%20required%20for%20the%20catabolism%20of%20glycine%20to%205%2C10-methylene-THF%3B%20also%20required%20for%20all%20protein%20lipoylation%3B%20expression%20is%20regulated%20by%20levels%20of%205%2C10-methylene-THF;display=H%20subunit%20of%20the%20mitochondrial%20glycine%20decarboxylase%20complex;dbxref=SGD:S000000042;orf_classification=Verified;curie=SGD:S000000042"
"33",33,"CCAATTTAGCACCGTTCTTCGTATATTGATGGTGATTCGTCGCGT","AGTGTTGGTAATGTATGTAGTATATATGCGTACACATCCCAGAAG","ID=YAL043C;Name=YAL043C;gene=PTA1;Alias=PTA1,FUN39,RNA-processing%20protein%20PTA1;Ontology_term=GO:0003723,GO:0005847,GO:0005847,GO:0005847,GO:0006378,GO:0006378,GO:0008033,GO:0030846,GO:0098789,SO:0000704;Note=Subunit%20of%20holo-CPF%3B%20holo-CPF%20is%20a%20multiprotein%20complex%20and%20functional%20homolog%20of%20mammalian%20CPSF%2C%20required%20for%20the%20cleavage%20and%20polyadenylation%20of%20mRNA%20and%20snoRNA%203'%20ends%3B%20involved%20in%20pre-tRNA%20processing%3B%20binds%20to%20the%20phosphorylated%20CTD%20of%20RNAPII;display=Subunit%20of%20holo-CPF;dbxref=SGD:S000000041;orf_classification=Verified;curie=SGD:S000000041"
"34",34,"GCTGGGAGCGATAAGTTGGATCTGTAGCACTTGGGACGCAGTTCT","ACCGCACCAAAGGTGAGGTAGAACTACCTTTTAGCGGCAAGACTA","ID=YAL042C-A;Name=YAL042C-A;Alias=YAL043C-A;Ontology_term=GO:0003674,GO:0005575,GO:0008150,SO:0000704;Note=Dubious%20open%20reading%20frame%3B%20unlikely%20to%20encode%20a%20functional%20protein%2C%20based%20on%20available%20experimental%20and%20comparative%20sequence%20data%3B%20partially%20overlaps%20verified%20ORF%20ERV46/YAL042W%3B%20YAL042C-A%20is%20a%20non-essential%20gene;display=Dubious%20open%20reading%20frame;dbxref=SGD:S000002138;orf_classification=Dubious;curie=SGD:S000002138"
"35",35,"AGTAGGACAGTGATATAACACACATAGCTAGACACAATAGACATC","AGGAAGAGACTGTCATAGGGAAGAGCCCTTTCTACATACTACTAC","ID=YAL042W;Name=YAL042W;gene=ERV46;Alias=ERV46,FUN9;Ontology_term=GO:0003674,GO:0005783,GO:0006888,GO:0030134,GO:0030173,GO:0030176,SO:0000704;Note=Protein%20localized%20to%20COPII-coated%20vesicles%3B%20forms%20a%20complex%20with%20Erv41p%3B%20involved%20in%20the%20membrane%20fusion%20stage%20of%20transport;display=Protein%20localized%20to%20COPII-coated%20vesicles;dbxref=SGD:S000000040;orf_classification=Verified;curie=SGD:S000000040"
"36",36,"GCCTAGCCCTATCAAGACCTGTCTGCTAATCCAACCCGAGAGATC","TAAATAAAACTAGTATACAGCAAATACTAAATAATTCAAGAAAAA","ID=YAL041W;Name=YAL041W;gene=CDC24;Alias=CDC24,CLS4,Rho%20family%20guanine%20nucleotide%20exchange%20factor%20CDC24;Ontology_term=GO:0000131,GO:0000282,GO:0000750,GO:0000750,GO:0005085,GO:0005634,GO:0005634,GO:0005737,GO:0005737,GO:0005934,GO:0005935,GO:0007096,GO:0031106,GO:0043332,GO:0043577,GO:0072697,GO:0120171,GO:0120171,SO:0000704;Note=Guanine%20nucleotide%20exchange%20factor%20%28GEF%29%20for%20Cdc42p%3B%20required%20for%20polarity%20establishment%20and%20maintenance%2C%20and%20mutants%20have%20morphological%20defects%20in%20bud%20formation%20and%20shmooing%3B%20relocalizes%20from%20nucleus%20to%20cytoplasm%20upon%20DNA%20replication%20stress%3B%20thermosensitivity%20of%20the%20cdc24-4%20mutant%20in%20the%20presence%20of%20sorbitol%20is%20functionally%20complemented%20by%20human%20CDC42;display=Guanine%20nucleotide%20exchange%20factor%20%28GEF%29%20for%20Cdc42p;dbxref=SGD:S000000039;orf_classification=Verified;curie=SGD:S000000039"
"37",37,"GAAAATGAGAGCAAGTTCTGTGACTAAACTATGCGAAAGACATGC","TTGCTGTTTTTTTTTTACGTAAATTGTTGTTTATTTAATTTTAAA","ID=YAL040C;Name=YAL040C;gene=CLN3;Alias=CLN3,DAF1,FUN10,WHI1,cyclin%20CLN3;Ontology_term=GO:0000079,GO:0000079,GO:0000083,GO:0000083,GO:0005634,GO:0005634,GO:0005634,GO:0005634,GO:0007033,GO:0007089,GO:0007089,GO:0007089,GO:0007089,GO:0016538,GO:0016538,GO:0016538,GO:0042144,GO:0042144,SO:0000704;Note=G1%20cyclin%20involved%20in%20cell%20cycle%20progression%3B%20activates%20Cdc28p%20kinase%20to%20promote%20G1%20to%20S%20phase%20transition%3B%20plays%20a%20role%20in%20regulating%20transcription%20of%20other%20G1%20cyclins%2C%20CLN1%20and%20CLN2%3B%20regulated%20by%20phosphorylation%20and%20proteolysis%3B%20acetyl-CoA%20induces%20CLN3%20transcription%20in%20response%20to%20nutrient%20repletion%20to%20promote%20cell-cycle%20entry%3B%20cell%20cycle%20arrest%20phenotype%20of%20the%20cln1%20cln2%20cln3%20triple%20null%20mutant%20is%20complemented%20by%20any%20of%20human%20cyclins%20CCNA2%2C%20CCNB1%2C%20CCNC%2C%20CCND1%2C%20or%20CCNE1;display=G1%20cyclin%20involved%20in%20cell%20cycle%20progression;dbxref=SGD:S000000038;orf_classification=Verified;curie=SGD:S000000038"
"38",38,"TCATCGTGCTTATTTCGTCTCGTTTATGTTGTCTTTGATGTTTTT","TACTATATGTCGGTCGCATTCATGCACATTTATCGGTTCATTCTT","ID=YAL039C;Name=YAL039C;gene=CYC3;Alias=CYC3,CCHL,holocytochrome%20c%20synthase%20CYC3;Ontology_term=GO:0004408,GO:0005739,GO:0005739,GO:0005758,GO:0018063,SO:0000704;Note=Cytochrome%20c%20heme%20lyase%20%28holocytochrome%20c%20synthase%29%3B%20attaches%20heme%20to%20apo-cytochrome%20c%20%28Cyc1p%20or%20Cyc7p%29%20in%20mitochondrial%20intermembrane%20space%3B%20human%20homolog%20HCCS%20implicated%20in%20microphthalmia%20with%20linear%20skin%20defects%20%28MLS%29%2C%20and%20can%20complement%20yeast%20null%20mutant;display=Cytochrome%20c%20heme%20lyase%20%28holocytochrome%20c%20synthase%29;dbxref=SGD:S000000037;orf_classification=Verified;curie=SGD:S000000037"
"39",39,"TTCTATTTACAAGACACCAATCAAAACAAATAAAACATCATCACA","AAAAAGAATCATGATTGAATGAAGATATTATTTTTTTGAATTATA","ID=YAL038W;Name=YAL038W;gene=CDC19;Alias=CDC19,PYK1,pyruvate%20kinase%20CDC19;Ontology_term=GO:0004743,GO:0004743,GO:0005737,GO:0005737,GO:0005886,GO:0006090,GO:0006096,SO:0000704;Note=Pyruvate%20kinase%3B%20functions%20as%20a%20homotetramer%20in%20glycolysis%20to%20convert%20phosphoenolpyruvate%20to%20pyruvate%2C%20the%20input%20for%20aerobic%20%28TCA%20cycle%29%20or%20anaerobic%20%28glucose%20fermentation%29%20respiration%3B%20regulated%20via%20allosteric%20activation%20by%20fructose%20bisphosphate%3B%20CDC19%20has%20a%20paralog%2C%20PYK2%2C%20that%20arose%20from%20the%20whole%20genome%20duplication;display=Pyruvate%20kinase;dbxref=SGD:S000000036;orf_classification=Verified;curie=SGD:S000000036"
"40",40,"TTTAAATTTTTTATATTAAGTTTTTTTATTATAGAAGTAAGTTAG","CAACTGTGGGAACACCCTTGTCTAGAATGGCCGCAAGTTTCGGAA","ID=YAL037C-B;Name=YAL037C-B;Ontology_term=GO:0003674,GO:0005575,GO:0008150,SO:0000704;Note=Dubious%20open%20reading%20frame%3B%20unlikely%20to%20encode%20a%20functional%20protein%2C%20based%20on%20available%20experimental%20and%20comparative%20sequence%20data%3B%20identified%20by%20gene-trapping%2C%20microarray-based%20expression%20analysis%2C%20and%20genome-wide%20homology%20searching;display=Dubious%20open%20reading%20frame;dbxref=SGD:S000028592;orf_classification=Dubious;curie=SGD:S000028592"
"41",41,"TAATAGAACGCTACCCTCCCTAGTTTAAATCGTTTAAAACTGAGA","TTATGGAATATTTTACATACAATAAATTCATTGAATATTTAGAAA","ID=YAL037C-A;Name=YAL037C-A;Ontology_term=GO:0003674,GO:0005575,GO:0008150,SO:0000704;Note=Putative%20protein%20of%20unknown%20function;display=Putative%20protein%20of%20unknown%20function;dbxref=SGD:S000028732;orf_classification=Uncharacterized;curie=SGD:S000028732"
"42",42,"CATAGTGCCAATAATTACGCAAAAAGCAAAGGAAATAACACTGCT","AGAGCCCTCGGTAGCATAACATTTTTAATTATTACGACTGTTTTT","ID=YAL037W;Name=YAL037W;Ontology_term=GO:0003674,GO:0005575,GO:0008150,SO:0000704;Note=Putative%20protein%20of%20unknown%20function%3B%20YAL037W%20has%20a%20paralog%2C%20YOR342C%2C%20that%20arose%20from%20the%20whole%20genome%20duplication;display=Putative%20protein%20of%20unknown%20function;dbxref=SGD:S000000035;orf_classification=Uncharacterized;curie=SGD:S000000035"
"43",43,"TCGATCTACGTCATCCACGTTCGCATCTCAACAACTAACTCGTTT","AAGAGCTTGTTTTTTATTATATTCTTTACTTTTTTTTTTTTTTAT","ID=YAL036C;Name=YAL036C;gene=RBG1;Alias=RBG1,FUN11,GTP-binding%20protein%20RBG1;Ontology_term=GO:0002181,GO:0005525,GO:0005737,GO:0005844,GO:0005844,GO:0010494,GO:1903833,SO:0000704;Note=Member%20of%20the%20DRG%20family%20of%20GTP-binding%20proteins%3B%20associates%20with%20translating%20ribosomes%3B%20interacts%20with%20Tma46p%2C%20Ygr250cp%2C%20Gir2p%20and%20Yap1p%20via%20two-hybrid;display=Member%20of%20the%20DRG%20family%20of%20GTP-binding%20proteins;dbxref=SGD:S000000034;orf_classification=Verified;curie=SGD:S000000034"
"44",44,"TTGAGGGGATAAGAAGGGCAATCAGGAACATCAGATAAGTGAAAG","GCATGGCATACGCTGACTTGTCAACCCAATCACATTCTACAAAAT","ID=YAL035W;Name=YAL035W;gene=FUN12;Alias=FUN12,eIF5B,translation%20initiation%20factor%20eIF5B,yIF2;Ontology_term=GO:0000462,GO:0001732,GO:0001732,GO:0001732,GO:0001732,GO:0003743,GO:0003743,GO:0003924,GO:0003924,GO:0003924,GO:0003924,GO:0003924,GO:0005525,GO:0005525,GO:0005737,GO:0005739,GO:0005739,GO:0005829,GO:0006446,GO:0010494,GO:0022627,GO:0031369,GO:0033290,GO:0042255,GO:0042256,GO:0043022,GO:0043022,GO:0070181,SO:0000704;Note=Translation%20initiation%20factor%20eIF5B%3B%20GTPase%20that%20promotes%20Met-tRNAiMet%20binding%20to%20ribosomes%20and%20ribosomal%20subunit%20joining%3B%20promotes%20GTP-dependent%20maturation%20of%2018S%20rRNA%20by%20Nob1p%3B%20protein%20abundance%20increases%20in%20response%20to%20DNA%20replication%20stress%3B%20homolog%20of%20bacterial%20IF2;display=Translation%20initiation%20factor%20eIF5B;dbxref=SGD:S000000033;orf_classification=Verified;curie=SGD:S000000033"
"45",45,"ATTAGAAGGAGCGGCTAAAACGAGAACCTATCGTCTATAAAAAGG","AAGTAATTTAAAACATCTTACACTAACCCAACTGTTCAGTCGCAT","ID=YAL034C-B;Name=YAL034C-B;Alias=YAL035C-A;Ontology_term=GO:0003674,GO:0005575,GO:0008150,SO:0000704;Note=Dubious%20open%20reading%20frame%3B%20unlikely%20to%20encode%20a%20functional%20protein%2C%20based%20on%20available%20experimental%20and%20comparative%20sequence%20data;display=Dubious%20open%20reading%20frame;dbxref=SGD:S000002137;orf_classification=Dubious;curie=SGD:S000002137"
"46",46,"TGAGTAATAACACGTTGAAACTGGGTTAAGACGATCAAAACAACC","TATAAAGTGGGAAAAAGTATGTGCTATGATATGATGTATGTATTC","ID=YAL034W-A;Name=YAL034W-A;gene=MTW1;Alias=MTW1,DSN3,MIND%20complex%20subunit%20MTW1,NSL2;Ontology_term=GO:0000818,GO:0000922,GO:0003674,GO:0007059,GO:0034501,SO:0000704;Note=Essential%20component%20of%20the%20MIND%20kinetochore%20complex%3B%20joins%20kinetochore%20subunits%20contacting%20DNA%20to%20those%20contacting%20microtubules%3B%20critical%20to%20kinetochore%20assembly%3B%20complex%20consists%20of%20Mtw1p%20Including%20Nnf1p-Nsl1p-Dsn1p%20%28MIND%29;display=Essential%20component%20of%20the%20MIND%20kinetochore%20complex;dbxref=SGD:S000000032;orf_classification=Verified;curie=SGD:S000000032"
"47",47,"AGCTATTTGTCCTATAAGCGCGTAGCATTGTAAATATCCCCTTTG","ATGTGTACCACCATACGTAAAATTTGTACCAAAAGAAAATAGGTT","ID=YAL034C;Name=YAL034C;gene=FUN19;Alias=FUN19;Ontology_term=GO:0003674,GO:0005575,GO:0008150,SO:0000704;Note=Non-essential%20protein%20of%20unknown%20function%3B%20expression%20induced%20in%20response%20to%20heat%20stress%3B%20FUN19%20has%20a%20paralog%2C%20YOR338W%2C%20that%20arose%20from%20the%20whole%20genome%20duplication;display=Non-essential%20protein%20of%20unknown%20function;dbxref=SGD:S000002134;orf_classification=Verified;curie=SGD:S000002134"
"48",48,"TAATGTGATAGCAATAGTTAGTGCAACAAAGAAACAAGTCGATAA","AATATATTAATATATAGATGTACACGTATATGCAGTAGTTTTATT","ID=YAL033W;Name=YAL033W;gene=POP5;Alias=POP5,FUN53,RNA-binding%20protein%20POP5;Ontology_term=GO:0000171,GO:0000171,GO:0000172,GO:0000172,GO:0000294,GO:0003723,GO:0004526,GO:0004526,GO:0005655,GO:0006364,GO:0008033,GO:0034965,SO:0000704;Note=Subunit%20of%20both%20RNase%20MRP%20and%20nuclear%20RNase%20P%3B%20RNase%20MRP%20cleaves%20pre-rRNA%2C%20while%20nuclear%20RNase%20P%20cleaves%20tRNA%20precursors%20to%20generate%20mature%205'%20ends%20and%20facilitates%20turnover%20of%20nuclear%20RNAs;display=Subunit%20of%20both%20RNase%20MRP%20and%20nuclear%20RNase%20P;dbxref=SGD:S000000031;orf_classification=Verified;curie=SGD:S000000031"
"49",49,"ACCGTCGAGACTCGGCTCTCCTGCATAGTCGTTGGAGTTGGTTTA","CGGGTCCTACTCGTGATCCTTTTGTTTCGTAAGAACACGAACTCA","ID=YAL032C;Name=YAL032C;gene=PRP45;Alias=PRP45,FUN20,mRNA%20splicing%20protein%20PRP45;Ontology_term=GO:0000350,GO:0000350,GO:0000384,GO:0000386,GO:0005634,GO:0071006,GO:0071007,GO:0071014,SO:0000704;Note=Protein%20required%20for%20pre-mRNA%20splicing%3B%20associates%20with%20the%20spliceosome%20and%20interacts%20with%20splicing%20factors%20Prp22p%20and%20Prp46p%3B%20orthologous%20to%20human%20transcriptional%20coactivator%20SKIP%20and%20can%20activate%20transcription%20of%20a%20reporter%20gene;display=Protein%20required%20for%20pre-mRNA%20splicing;dbxref=SGD:S000000030;orf_classification=Verified;curie=SGD:S000000030"
"50",50,"TATTAAAAAATAGTATGAGTACTTTTGAATCATCAGACAAGAACA","TGTAGCACAGCCGGCTTCTTGTACCAACCCACCTTTGTTGGTTTA","ID=YAL031W-A;Name=YAL031W-A;Ontology_term=GO:0003674,GO:0005575,GO:0008150,SO:0000704;Note=Dubious%20open%20reading%20frame%3B%20unlikely%20to%20encode%20a%20functional%20protein%2C%20based%20on%20available%20experimental%20and%20comparative%20sequence%20data%3B%20partially%20overlaps%20ORF%20GIP4/YAL031C;display=Dubious%20open%20reading%20frame;dbxref=SGD:S000028731;orf_classification=Dubious;curie=SGD:S000028731"
"51",51,"AACCTTCGACTTCCAACTCCTAAATCTGATCAAAATATAATGTTG","GAGGCGTGGAATATTTTTGTTGAGAAATACAGGGACCTTTTTTTT","ID=YAL031C;Name=YAL031C;gene=GIP4;Alias=GIP4,FUN21,protein%20phosphatase%20regulator%20GIP4;Ontology_term=GO:0005737,GO:0007059,GO:0008157,GO:0019888,GO:0043666,SO:0000704;Note=Cytoplasmic%20protein%20that%20regulates%20protein%20phosphatase%201%20Glc7p%3B%20protein%20overexpression%20relocalizes%20Glc7p%20from%20the%20nucleus%20and%20prevents%20chromosome%20segregation%3B%20potential%20Cdc28p%20substrate;display=Cytoplasmic%20protein%20that%20regulates%20protein%20phosphatase%201%20Glc7p;dbxref=SGD:S000000029;orf_classification=Verified;curie=SGD:S000000029"
"52",52,"AAAATTTGCGCCAAAGACATAGCAAGCGCAACGTATTCATTGTCC","AAGTTCACTCGCAATGCTATATATATAGGGAGCTTCCATATGTAG","ID=YAL030W;Name=YAL030W;gene=SNC1;Alias=SNC1,SNAP%20receptor%20SNC1;Ontology_term=GO:0005484,GO:0005768,GO:0005802,GO:0005886,GO:0005933,GO:0005935,GO:0006887,GO:0006893,GO:0006897,GO:0006906,GO:0030658,GO:0031201,GO:0071944,SO:0000704;Note=Vesicle%20membrane%20receptor%20protein%20%28v-SNARE%29%3B%20involved%20in%20the%20fusion%20between%20Golgi-derived%20secretory%20vesicles%20with%20the%20plasma%20membrane%3B%20proposed%20to%20be%20involved%20in%20endocytosis%3B%20member%20of%20the%20synaptobrevin/VAMP%20family%20of%20R-type%20v-SNARE%20proteins%3B%20SNC1%20has%20a%20paralog%2C%20SNC2%2C%20that%20arose%20from%20the%20whole%20genome%20duplication;display=Vesicle%20membrane%20receptor%20protein%20%28v-SNARE%29;dbxref=SGD:S000000028;orf_classification=Verified;curie=SGD:S000000028"
"53",53,"ATTTTGTGTTTTTTTGTTTTTTTTAGGATATTGGTCAAGAGGGCG","CTTGTTTCATTTATATGCGGGTATATACATATATACATATATATG","ID=YAL029C;Name=YAL029C;gene=MYO4;Alias=MYO4,FUN22,SHE1,myosin%204;Ontology_term=GO:0000146,GO:0005739,GO:0005739,GO:0005933,GO:0005933,GO:0005934,GO:0007533,GO:0008298,GO:0008298,GO:0008298,GO:0008298,GO:0008298,GO:0031941,GO:0048309,GO:0048309,GO:0051015,SO:0000704;Note=Type%20V%20myosin%20motor%20involved%20in%20actin-based%20transport%20of%20cargos%3B%20required%20for%20mRNA%20transport%2C%20including%20ASH1%20mRNA%2C%20and%20facilitating%20the%20growth%20and%20movement%20of%20ER%20tubules%20into%20the%20growing%20bud%20along%20with%20She3p%3B%20MYO4%20has%20a%20paralog%2C%20MYO2%2C%20that%20arose%20from%20the%20whole%20genome%20duplication;display=Type%20V%20myosin%20motor%20involved%20in%20actin-based%20transport%20of%20cargos;dbxref=SGD:S000000027;orf_classification=Verified;curie=SGD:S000000027"
"54",54,"AATTGATGGCAGTTTTTTACGTAGTCCAGTAGTTGTCCAGGTACA","AAAATAGTATTTGTATATCAAAAAATGATCCTGTGATTTTTTCAT","ID=YAL028W;Name=YAL028W;gene=FRT2;Alias=FRT2,HPH2;Ontology_term=GO:0003674,GO:0005783,GO:0031204,GO:0071469,GO:0071472,SO:0000704;Note=Tail-anchored%20ER%20membrane%20protein%20of%20unknown%20function%3B%20interacts%20with%20homolog%20Frt1p%3B%20promotes%20growth%20in%20conditions%20of%20high%20Na+%2C%20alkaline%20pH%2C%20or%20cell%20wall%20stress%2C%20possibly%20via%20a%20role%20in%20posttranslational%20translocation%3B%20potential%20Cdc28p%20substrate%3B%20FRT2%20has%20a%20paralog%2C%20FRT1%2C%20that%20arose%20from%20the%20whole%20genome%20duplication;display=Tail-anchored%20ER%20membrane%20protein%20of%20unknown%20function;dbxref=SGD:S000000026;orf_classification=Verified;curie=SGD:S000000026"
"55",55,"ATACAAGAAGATTGAGTATATTGGACTTCACAGTAACCGTGAAAA","AAAACCGATAACAAAGTGATGGCTTAATATTATAACTTCTATATA","ID=YAL027W;Name=YAL027W;gene=SAW1;Alias=SAW1,DNA-binding%20protein%20SAW1;Ontology_term=GO:0000736,GO:0000736,GO:0005634,GO:0032079,GO:0070337,GO:0070338,SO:0000704;Note=5'-%20and%203'-flap%20DNA%20binding%20protein%3B%20required%20for%20recruitment%20of%20Rad1p-Rad10p%20to%20single-strand%20annealing%20intermediates%20with%203'%20non-homologous%20tails%20for%20removal%20during%20double-strand%20break%20repair%3B%20forms%20a%20complex%20with%20Rad1p-Rad10p%20and%20stimulates%20its%20endonuclease%20activity%3B%20green%20fluorescent%20protein%20%28GFP%29-fusion%20protein%20localizes%20to%20the%20nucleus;display=5'-%20and%203'-flap%20DNA%20binding%20protein;dbxref=SGD:S000000025;orf_classification=Verified;curie=SGD:S000000025"
"56",56,"AAAGTGTCCGACTTCTCCCACCCGTTCTTTTTTAACAGTCTTACA","TAATTATTGTCCGAACATGTATTTAAGATAATGTCCAAAATATAG","ID=YAL026C-A;Name=YAL026C-A;Ontology_term=GO:0003674,GO:0005575,GO:0008150,SO:0000704;Note=Dubious%20open%20reading%20frame%3B%20unlikely%20to%20encode%20a%20functional%20protein%2C%20based%20on%20available%20experimental%20and%20comparative%20sequence%20data%3B%20partially%20overlaps%20the%20uncharacterized%20ORF%20YAL027W%20and%20the%20verified%20gene%20DRS2;display=Dubious%20open%20reading%20frame;dbxref=SGD:S000028730;orf_classification=Dubious;curie=SGD:S000028730"
"57",57,"GTTCGTTATTAAATGACCATCCAAGAAAGTAAGGGACTAAAATGG","CCGTGTCTTTGTTTCTCGTCTTCTGTTTTTTATGTTTTTATTTTT","ID=YAL026C;Name=YAL026C;gene=DRS2;Alias=DRS2,FUN38,SWA3,aminophospholipid-translocating%20P4-type%20ATPase%20DRS2;Ontology_term=GO:0000749,GO:0005783,GO:0005802,GO:0005802,GO:0005802,GO:0006886,GO:0006892,GO:0006892,GO:0006897,GO:0006897,GO:0032456,GO:0045332,GO:0045332,GO:0090555,GO:0090555,GO:0140345,GO:0140346,GO:0140346,GO:0140346,GO:0140346,GO:1990530,SO:0000704;Note=Trans-golgi%20network%20aminophospholipid%20translocase%20%28flippase%29%3B%20P4-type%20ATPase%3B%20maintains%20membrane%20lipid%20asymmetry%20in%20post-Golgi%20secretory%20vesicles%3B%20contributes%20to%20clathrin-coated%20vesicle%20formation%2C%20endocytosis%2C%20protein%20trafficking%20between%20the%20Golgi%20and%20endosomal%20system%20and%20the%20cellular%20response%20to%20mating%20pheromone%3B%20autoinhibited%20by%20its%20C-terminal%20tail%3B%20localizes%20to%20the%20trans-Golgi%20network;display=Trans-golgi%20network%20aminophospholipid%20translocase%20%28flippase%29;dbxref=SGD:S000000024;orf_classification=Verified;curie=SGD:S000000024"
"58",58,"CAAGAGAAGTCATGTATTGATGTTGCCAATCTTATGTTGCTCCTA","CGAGTGCGTGATATGATGCGTTGTAATGTACTAAAGTCAAAGATA","ID=YAL025C;Name=YAL025C;gene=MAK16;Alias=MAK16,ribosome%20biosynthesis%20protein%20MAK16;Ontology_term=GO:0000463,GO:0000466,GO:0003674,GO:0005730,GO:0030687,GO:0042273,SO:0000704;Note=Essential%20nuclear%20protein%3B%20constituent%20of%2066S%20pre-ribosomal%20particles%3B%20required%20for%20maturation%20of%2025S%20and%205.8S%20rRNAs%3B%20required%20for%20maintenance%20of%20M1%20satellite%20double-stranded%20RNA%20of%20the%20L-A%20virus;display=Essential%20nuclear%20protein;dbxref=SGD:S000000023;orf_classification=Verified;curie=SGD:S000000023"
"59",59,"CGAAATGTATCGGAGATCGGTAAGTTTCTAAGCGATGGGACTTGG","CCATAACACGGTGAAAGGAGGTCAAGGGTTTAAGGAGAACATTTT","ID=YAL024C;Name=YAL024C;gene=LTE1;Alias=LTE1,MSI2,mitotic%20regulator%20LTE1;Ontology_term=GO:0005085,GO:0005933,GO:0016192,GO:0031536,GO:0061510,SO:0000704;Note=Protein%20similar%20to%20GDP/GTP%20exchange%20factors%3B%20without%20detectable%20GEF%20activity%3B%20required%20for%20asymmetric%20localization%20of%20Bfa1p%20at%20daughter-directed%20spindle%20pole%20bodies%20and%20for%20mitotic%20exit%20at%20low%20temperatures;display=Protein%20similar%20to%20GDP/GTP%20exchange%20factors;dbxref=SGD:S000000022;orf_classification=Verified;curie=SGD:S000000022"
"60",60,"GGTGTAGCGATGACAGTAAGACAAAGCTTGGCACCAGGTCGTTAG","TAATTCTAGTAGCATCATTCATGTATTCATTTTTTGTTCTTAATT","ID=YAL023C;Name=YAL023C;gene=PMT2;Alias=PMT2,FUN25,dolichyl-phosphate-mannose-protein%20mannosyltransferase%20PMT2;Ontology_term=GO:0004169,GO:0004169,GO:0004169,GO:0004169,GO:0004169,GO:0004169,GO:0005783,GO:0006493,GO:0032527,GO:0035269,GO:0035269,GO:0035269,GO:0035269,GO:0035269,GO:0035269,GO:0071712,GO:0071712,GO:0097582,GO:0097582,GO:0097582,GO:0097584,GO:1900101,GO:1900101,GO:1900101,SO:0000704;Note=Protein%20O-mannosyltransferase%20of%20the%20ER%20membrane%3B%20transfers%20mannose%20residues%20from%20dolichyl%20phosphate-D-mannose%20to%20protein%20serine/threonine%20residues%3B%20involved%20in%20ER%20quality%20control%3B%20functions%20as%20a%20heterodimer%20with%20Pmt2p%20but%20can%20also%20pair%20with%20Pmt5p%3B%20antifungal%20drug%20target%3B%20PMT2%20has%20a%20paralog%2C%20PMT3%2C%20that%20arose%20from%20the%20whole%20genome%20duplication;display=Protein%20O-mannosyltransferase%20of%20the%20ER%20membrane;dbxref=SGD:S000000021;orf_classification=Verified;curie=SGD:S000000021"
"61",61,"GCTGTCGAATAGTAGTTTGCGTTCTTTCGTATGGTCTAACGTTTT","TATCTATGACATGTATGGCTTTGCGGTAGTAAATGTCAGCACTAT","ID=YAL022C;Name=YAL022C;gene=FUN26;Alias=FUN26,nucleoside%20transmembrane%20transporter%20FUN26;Ontology_term=GO:0000329,GO:0000329,GO:0000329,GO:0005337,GO:0005337,GO:0015205,GO:0015851,GO:0015858,GO:0015858,GO:0034257,GO:0034258,GO:0055085,SO:0000704;Note=High%20affinity%2C%20broad%20selectivity%2C%20nucleoside/nucleobase%20transporter%3B%20vacuolar%20membrane%20localized%20transporter%20which%20may%20regulate%20the%20balance%20of%20nicotinamide%20riboside%20%28NmR%29%20levels%20between%20the%20cytosol%20and%20vacuole%2C%20contributing%20to%20salvage%20of%20NmR%20for%20use%20in%20cytosolic%20NAD+%20synthesis%3B%20equilibrative%20nucleoside%20transporter%20%28ENT%29%20family%20member;display=High%20affinity%2C%20broad%20selectivity%2C%20nucleoside/nucleobase%20transporter;dbxref=SGD:S000000020;orf_classification=Verified;curie=SGD:S000000020"
"62",62,"GTCGTTCCCTTGAGGCTGACTGCAATAGGGACGTTTGATGGCGAT","TGGCGTGTGAAAGTAGGGTGAGGGAGGGAGGAGAGACATGTGATG","ID=YAL021C;Name=YAL021C;gene=CCR4;Alias=CCR4,CCR4-NOT%20core%20exoribonuclease%20subunit%20CCR4,FUN27,NUT21;Ontology_term=GO:0000076,GO:0000175,GO:0000175,GO:0000175,GO:0000175,GO:0000288,GO:0000288,GO:0000289,GO:0000289,GO:0000289,GO:0000932,GO:0005737,GO:0006260,GO:0006357,GO:0006368,GO:0006368,GO:0007089,GO:0016593,GO:0030015,GO:0032968,GO:0048478,SO:0000704;Note=Component%20of%20the%20CCR4-NOT%20transcriptional%20complex%3B%20CCR4-NOT%20is%20involved%20in%20regulation%20of%20gene%20expression%3B%20component%20of%20the%20major%20cytoplasmic%20deadenylase%2C%20which%20is%20involved%20in%20mRNA%20poly%28A%29%20tail%20shortening;display=Component%20of%20the%20CCR4-NOT%20transcriptional%20complex;dbxref=SGD:S000000019;orf_classification=Verified;curie=SGD:S000000019"
"63",63,"TTCACTACCTTACACTAGTAATTTCCGATATTGTCCGAACATAGC","GTGACTATTCATTGATATATGGGTGATAGTATATGTATCTACAGG","ID=YAL020C;Name=YAL020C;gene=ATS1;Alias=ATS1,FUN28,KTI13;Ontology_term=GO:0002098,GO:0003674,GO:0005737,SO:0000704;Note=Protein%20required%20for%20modification%20of%20wobble%20nucleosides%20in%20tRNA%3B%20acts%20with%20Elongator%20complex%2C%20Kti11p%2C%20and%20Kti12p%3B%20has%20a%20potential%20role%20in%20regulatory%20interactions%20between%20microtubules%20and%20the%20cell%20cycle%3B%20forms%20a%20stable%20heterodimer%20with%20Kti11p;display=Protein%20required%20for%20modification%20of%20wobble%20nucleosides%20in%20tRNA;dbxref=SGD:S000000018;orf_classification=Verified;curie=SGD:S000000018"
"64",64,"ACATCCGTATACTGCGATGCGCTCATCGTTGGAATTCAATGGCAC","TGCTCTATATTCGAGTTTGTTGCTACTGGTGGACACCCGACTATC","ID=YAL019W-A;Name=YAL019W-A;Ontology_term=GO:0003674,GO:0005575,GO:0008150,SO:0000704;Note=Dubious%20open%20reading%20frame%3B%20unlikely%20to%20encode%20a%20functional%20protein%2C%20based%20on%20available%20experimental%20and%20comparative%20sequence%20data%3B%20partially%20overlaps%20ORF%20ATS1/YAL020C;display=Dubious%20open%20reading%20frame;dbxref=SGD:S000028729;orf_classification=Dubious;curie=SGD:S000028729"
"65",65,"GAACGTAAACAAGAAAAAGAGAGAAAATACGCTATAGTTGAAAAC","ATAAATAAAAATATAGTAAAAAAGTAAATAGATAAGCAGAAAATA","ID=YAL019W;Name=YAL019W;gene=FUN30;Alias=FUN30,DNA-dependent%20ATPase%20FUN30;Ontology_term=GO:0000122,GO:0000183,GO:0000729,GO:0000729,GO:0000775,GO:0003677,GO:0003682,GO:0005634,GO:0005634,GO:0005739,GO:0005739,GO:0006338,GO:0006338,GO:0006338,GO:0030466,GO:0031507,GO:0031509,GO:0031934,GO:0033120,GO:0140658,GO:0140658,GO:0140658,SO:0000704;Note=Snf2p%20family%20member%20with%20ATP-dependent%20chromatin%20remodeling%20activity%3B%20has%20a%20role%20in%20silencing%20at%20the%20mating%20type%20locus%2C%20telomeres%20and%20centromeres%3B%20enriched%20at%20centromeres%20and%20is%20required%20for%20correct%20chromatin%20structure%20around%20centromeres%2C%20as%20well%20as%20at%20the%20boundary%20element%20of%20the%20silent%20HMR%3B%20recruited%20to%20DNA%20double-strand%20breaks%20%28DSBs%29%20where%20it%20promotes%205'%20strand%20resection%20of%20DSBs%3B%20potential%20Cdc28p%20substrate;display=Snf2p%20family%20member%20with%20ATP-dependent%20chromatin%20remodeling%20activity;dbxref=SGD:S000000017;orf_classification=Verified;curie=SGD:S000000017"
"66",66,"CATCCCTTGTTTCCATGTAATATGTTTGTTATTGTTGTTGTCCTT","TAACTTTTTTCAAGTGGTAAAGAGAGGGGTCTAATTTTAATGGAT","ID=YAL018C;Name=YAL018C;gene=LDS1;Alias=LDS1;Ontology_term=GO:0003674,GO:0005619,GO:0005628,GO:0005811,GO:0030476,SO:0000704;Note=Protein%20Involved%20in%20spore%20wall%20assembly%3B%20localizes%20to%20lipid%20droplets%20found%20on%20or%20outside%20of%20the%20prospore%20membrane%3B%20shares%20similarity%20with%20Lds2p%20and%20Rrt8p%2C%20and%20a%20strain%20mutant%20for%20all%203%20genes%20exhibits%20reduced%20dityrosine%20fluorescence%20relative%20to%20the%20single%20mutants;display=Protein%20Involved%20in%20spore%20wall%20assembly;dbxref=SGD:S000000016;orf_classification=Verified;curie=SGD:S000000016"
"67",67,"TTTGTTCTCTCCCTAATTTGCATATAGGTAAACATCAAAGAAGTA","AGGATTAATGATCATTCTAGGACATTAGTAATTGGAAAAGAAAAT","ID=YAL017W;Name=YAL017W;gene=PSK1;Alias=PSK1,FUN31,serine/threonine%20protein%20kinase%20PSK1;Ontology_term=GO:0004672,GO:0004674,GO:0005737,GO:0005737,GO:0006468,GO:0006468,GO:0045719,GO:0060917,SO:0000704;Note=PAS%20domain-containing%20serine/threonine%20protein%20kinase%3B%20coordinately%20regulates%20protein%20synthesis%20and%20carbohydrate%20metabolism%20and%20storage%20in%20response%20to%20a%20unknown%20metabolite%20that%20reflects%20nutritional%20status%3B%20PSK1%20has%20a%20paralog%2C%20PSK2%2C%20that%20arose%20from%20the%20whole%20genome%20duplication;display=PAS%20domain-containing%20serine/threonine%20protein%20kinase;dbxref=SGD:S000000015;orf_classification=Verified;curie=SGD:S000000015"
"68",68,"TTTATACATTTAAAAAATATAAATTCAGAACTAATTGACGAAACC","AGTAATTAGGAAGTTTATTGGTTGGTAAACAGCAATAAATACAGC","ID=YAL016C-B;Name=YAL016C-B;Ontology_term=GO:0003674,GO:0005575,GO:0008150,SO:0000704;Note=Dubious%20open%20reading%20frame%3B%20unlikely%20to%20encode%20a%20functional%20protein%2C%20based%20on%20available%20experimental%20and%20comparative%20sequence%20data;display=Dubious%20open%20reading%20frame;dbxref=SGD:S000028528;orf_classification=Dubious;curie=SGD:S000028528"
"69",69,"CCTTAGTTGAGCAAAGAACAAGAAAGCCCTGGCTCACGGTTGCGC","GTGAAAGAGGACAATTGAGAAAGTGGAAAAAGCGAAAGGGACGTT","ID=YAL016C-A;Name=YAL016C-A;Ontology_term=GO:0003674,GO:0005575,GO:0008150,SO:0000704;Note=Dubious%20open%20reading%20frame%3B%20unlikely%20to%20encode%20a%20functional%20protein%2C%20based%20on%20available%20experimental%20and%20comparative%20sequence%20data%3B%20partially%20overlaps%20ORF%20TPD3/YAL016W;display=Dubious%20open%20reading%20frame;dbxref=SGD:S000028728;orf_classification=Dubious;curie=SGD:S000028728"
"70",70,"ATCTGATTATCGAAGAATAATTGAGTGGTCAGAAAGGAGCGAAAT","TACTAGTTCAAATATATACATACATACACATATGTACACTTGAAT","ID=YAL016W;Name=YAL016W;gene=TPD3;Alias=TPD3,FUN32,protein%20phosphatase%202A%20structural%20subunit%20TPD3;Ontology_term=GO:0000159,GO:0000159,GO:0004722,GO:0005634,GO:0005737,GO:0005816,GO:0005934,GO:0005935,GO:0006417,GO:0007094,GO:0043332,SO:0000704;Note=Regulatory%20subunit%20A%20of%20the%20heterotrimeric%20PP2A%20complex%3B%20the%20heterotrimeric%20protein%20phosphatase%202A%20%28PP2A%29%20complex%20also%20contains%20regulatory%20subunit%20Cdc55p%20and%20either%20catalytic%20subunit%20Pph21p%20or%20Pph22p%3B%20required%20for%20cell%20morphogenesis%20and%20transcription%20by%20RNA%20polymerase%20III;display=Regulatory%20subunit%20A%20of%20the%20heterotrimeric%20PP2A%20complex;dbxref=SGD:S000000014;orf_classification=Verified;curie=SGD:S000000014"
"71",71,"TATAAACATAGATATATATGAAATATCGGGTTTTTTTTTTTTTTA","CACACCATTTTTTTTTTTTTTTCTTTTCTTTTCTTTCGTCCGGAT","ID=YAL015C;Name=YAL015C;gene=NTG1;Alias=NTG1,FUN33,SCR1,bifunctional%20N-glycosylase/AP%20lyase%20NTG1,ogg2;Ontology_term=GO:0000703,GO:0003906,GO:0005634,GO:0005634,GO:0005634,GO:0005739,GO:0005739,GO:0005739,GO:0005739,GO:0005739,GO:0006281,GO:0006284,GO:0006285,GO:0008534,GO:0034599,GO:0090297,GO:0090297,SO:0000704;Note=DNA%20N-glycosylase%20and%20apurinic/apyrimidinic%20%28AP%29%20lyase%3B%20involved%20in%20base%20excision%20repair%3B%20acts%20in%20both%20nucleus%20and%20mitochondrion%3B%20creates%20a%20double-strand%20break%20at%20mtDNA%20origins%20that%20stimulates%20replication%20in%20response%20to%20oxidative%20stress%3B%20required%20for%20maintaining%20mitochondrial%20genome%20integrity%3B%20NTG1%20has%20a%20paralog%2C%20NTG2%2C%20that%20arose%20from%20the%20whole%20genome%20duplication;display=DNA%20N-glycosylase%20and%20apurinic/apyrimidinic%20%28AP%29%20lyase;dbxref=SGD:S000000013;orf_classification=Verified;curie=SGD:S000000013"
"72",72,"CTCTGTCTAGAGTGCTGTCGTTTATCTACGCATTCGTGTGTGCCA","GTAATATAAGACAAAAAATCCGAGCTTATGCTTCAAACCAAAACT","ID=YAL014C;Name=YAL014C;gene=SYN8;Alias=SYN8,SLT2,UIP2,syntaxin;Ontology_term=GO:0005484,GO:0005768,GO:0006896,GO:0006896,SO:0000704;Note=Endosomal%20SNARE%20related%20to%20mammalian%20syntaxin%208;display=Endosomal%20SNARE%20related%20to%20mammalian%20syntaxin%208;dbxref=SGD:S000000012;orf_classification=Verified;curie=SGD:S000000012"
"73",73,"GGGAAGGAAGCACAGAAGCAAGAGGAGGCGCATCGATCGTGGCAG","CCGCCACACTGGACCCCATACCACTTCTTTTTGTTATTCTTAAAT","ID=YAL013W;Name=YAL013W;gene=DEP1;Alias=DEP1,FUN54,Rpd3L%20histone%20deacetylase%20complex%20subunit%20DEP1;Ontology_term=GO:0000122,GO:0000122,GO:0000122,GO:0003674,GO:0006357,GO:0006357,GO:0016575,GO:0016575,GO:0016575,GO:0030174,GO:0033698,GO:0033698,GO:0033698,GO:0033698,GO:0045944,GO:0045944,GO:0061186,GO:0061188,GO:0061408,GO:0070210,SO:0000704;Note=Component%20of%20the%20Rpd3L%20histone%20deacetylase%20complex%3B%20required%20for%20diauxic%20shift-induced%20histone%20H2B%20deposition%20onto%20rDNA%20genes%3B%20transcriptional%20modulator%20involved%20in%20regulation%20of%20structural%20phospholipid%20biosynthesis%20genes%20and%20metabolically%20unrelated%20genes%2C%20as%20well%20as%20maintenance%20of%20telomeres%2C%20mating%20efficiency%2C%20and%20sporulation;display=Component%20of%20the%20Rpd3L%20histone%20deacetylase%20complex;dbxref=SGD:S000000011;orf_classification=Verified;curie=SGD:S000000011"
"74",74,"ATTTGCACCTTATACATATACACACAAGACAAAACCAAAAAAAAT","TCGCCAGTGCCACGTCTCTGCCTTCGACCGGACCTTTTTAAGTAC","ID=YAL012W;Name=YAL012W;gene=CYS3;Alias=CYS3,CYI1,FUN35,STR1,cystathionine%20gamma-lyase%20CYS3;Ontology_term=GO:0004123,GO:0004123,GO:0004123,GO:0005634,GO:0005737,GO:0005737,GO:0019343,GO:0019344,GO:0019346,GO:0047804,GO:1904828,SO:0000704;Note=Cystathionine%20gamma-lyase%3B%20catalyzes%20one%20of%20the%20two%20reactions%20involved%20in%20the%20transsulfuration%20pathway%20that%20yields%20cysteine%20from%20homocysteine%20with%20the%20intermediary%20formation%20of%20cystathionine%3B%20protein%20abundance%20increases%20in%20response%20to%20DNA%20replication%20stress;display=Cystathionine%20gamma-lyase;dbxref=SGD:S000000010;orf_classification=Verified;curie=SGD:S000000010"
"75",75,"ATATGCATGCGATTTGGAAGTAACGCTCGCCGTAGACAAGTAAGA","GGTGTTCGGTTACTTTATTCTGCTTTAACGCCATTATGATTATAC","ID=YAL011W;Name=YAL011W;gene=SWC3;Alias=SWC3,SWC1;Ontology_term=GO:0000812,GO:0000812,GO:0003674,GO:0005634,GO:0005739,GO:0005739,GO:0006338,GO:0006338,GO:0007029,GO:0043486,SO:0000704;Note=Protein%20of%20unknown%20function%3B%20component%20of%20the%20SWR1%20complex%2C%20which%20exchanges%20histone%20variant%20H2AZ%20%28Htz1p%29%20for%20chromatin-bound%20histone%20H2A%3B%20required%20for%20formation%20of%20nuclear-associated%20array%20of%20smooth%20endoplasmic%20reticulum%20known%20as%20karmellae;display=Protein%20of%20unknown%20function;dbxref=SGD:S000000009;orf_classification=Verified;curie=SGD:S000000009"
"76",76,"TTTATATGCAATCCTTTTTCTGTGCTTGTCTCTTCTGGCTAGAAC","ACTCATTACACTTTATTTTATTTCCAAAATTATATGTCCAATTTT","ID=YAL010C;Name=YAL010C;gene=MDM10;Alias=MDM10,FUN37;Ontology_term=GO:0001401,GO:0003674,GO:0005741,GO:0007005,GO:0015914,GO:0032865,GO:0032865,GO:0045040,GO:0051654,GO:0070096,GO:0070096,GO:0070096,GO:1990456,SO:0000704;Note=Subunit%20of%20both%20the%20ERMES%20and%20the%20SAM%20complex%3B%20component%20of%20ERMES%20complex%20which%20acts%20as%20a%20molecular%20tether%20between%20the%20mitochondria%20and%20the%20ER%2C%20necessary%20for%20efficient%20phospholipid%20exchange%20between%20organelles%20and%20for%20mitophagy%3B%20SAM/TOB%20complex%20component%20that%20functions%20in%20the%20assembly%20of%20outer%20membrane%20beta-barrel%20proteins%3B%20involved%20in%20mitochondrial%20inheritance%20and%20morphology%3B%20ERMES%20complex%20is%20often%20co-localized%20with%20peroxisomes%20and%20concentrated%20areas%20of%20pyruvate%20dehydrogenase;display=Subunit%20of%20both%20the%20ERMES%20and%20the%20SAM%20complex;dbxref=SGD:S000000008;orf_classification=Verified;curie=SGD:S000000008"
"77",77,"ACACACAAAGGAAGAAAGGTAGTGGAAAGCTAAATAAAGGAGGTC","AAGAGTTGGAGGGCTTCTTCCTTCGAATAAGAGGTCATATTTACC","ID=YAL009W;Name=YAL009W;gene=SPO7;Alias=SPO7,Nem1-Spo7%20phosphatase%20regulatory%20subunit%20SPO7;Ontology_term=GO:0004721,GO:0004721,GO:0005783,GO:0006998,GO:0016021,GO:0061709,GO:0071071,GO:0071072,GO:0071595,GO:1903740,SO:0000704;Note=Putative%20regulatory%20subunit%20of%20Nem1p-Spo7p%20phosphatase%20holoenzyme%3B%20regulates%20nuclear/ER%20membrane%20association%20and%20activation%20of%20Pah1p%2C%20a%20phosphatidate%20phosphatase%20involved%20in%20the%20production%20of%20diacylglycerol%20DAG%20for%20lipid%20droplet%20biogenesis%3B%20phosphatase%20activity%20of%20the%20Nem1p-Spo7p%20complex%20is%20inhibited%20by%20Ice2p%3B%20regulates%20nuclear%20growth%20by%20controlling%20phospholipid%20biosynthesis%3B%20required%20for%20normal%20nuclear%20envelope%20morphology%2C%20premeiotic%20replication%2C%20and%20sporulation;display=Putative%20regulatory%20subunit%20of%20Nem1p-Spo7p%20phosphatase%20holoenzyme;dbxref=SGD:S000000007;orf_classification=Verified;curie=SGD:S000000007"
"78",78,"ACGCTAGAGGGGCAAGAAGGAAGAACTTAAAATAATAGGTGTAAA","GCAAGACAAATGACCAGATATAAACGAGGGTTATATTCTTTCGTT","ID=YAL008W;Name=YAL008W;gene=FUN14;Alias=FUN14,MCP3;Ontology_term=GO:0003674,GO:0005739,GO:0005739,GO:0005739,GO:0005739,GO:0005741,GO:0007005,GO:0031307,GO:0055091,SO:0000704;Note=Integral%20mitochondrial%20outer%20membrane%20%28MOM%29%20protein%3B%20dosage%20suppressor%20of%20an%20MDM10%20null%20that%20reduces%20ERMES-related%20phenotypes%2C%20such%20as%20alterations%20in%20mitochondrial%20morphology%2C%20protein%20complex%20assembly%2C%20and%20lipid%20profile%3B%20dosage%20suppressor%20of%20MDM12%2C%20MDM34%2C%20and%20MMM1%20null%20mutant%20growth%20defects%3B%20novel%20mechanism%20of%20MOM%20import%20involving%20Tom70p%2C%20the%20TOM%20complex%2C%20and%20the%20TIM23%20complex%2C%20requiring%20mitochondrial%20membrane%20potential%20and%20processing%20by%20the%20IMP%20complex%20for%20correct%20biogenesis;display=Integral%20mitochondrial%20outer%20membrane%20%28MOM%29%20protein;dbxref=SGD:S000000006;orf_classification=Verified;curie=SGD:S000000006"
"79",79,"ATCTTATTCTATTTGTCACCTCATGTGAGTAACATTTCCTTTTGG","CTTGAAAAGTTAGATGCTTTTTATATACAGGCGTTATATCTTGTG","ID=YAL007C;Name=YAL007C;gene=ERP2;Alias=ERP2;Ontology_term=GO:0003674,GO:0005783,GO:0006621,GO:0006888,GO:0030134,SO:0000704;Note=Member%20of%20the%20p24%20family%20involved%20in%20ER%20to%20Golgi%20transport%3B%20similar%20to%20Emp24p%20and%20Erv25p%3B%20role%20in%20misfolded%20protein%20quality%20control%3B%20forms%20a%20heterotrimeric%20complex%20with%20Erp1p%2C%20Emp24p%2C%20and%20Erv25p%3B%20localized%20to%20COPII-coated%20vesicles%3B%20ERP2%20has%20a%20paralog%2C%20ERP4%2C%20that%20arose%20from%20the%20whole%20genome%20duplication;display=Member%20of%20the%20p24%20family%20involved%20in%20ER%20to%20Golgi%20transport;dbxref=SGD:S000000005;orf_classification=Verified;curie=SGD:S000000005"
"80",80,"TAGTTCATAATGTTCTTTGTTTTTAAGTTCATTTATTGTCTATTA","CGGTTAACCACGCCGTTAACTATTATTGCTTTTACAGAAAATTAC","ID=YAL005C;Name=YAL005C;gene=SSA1;Alias=SSA1,Hsp70%20family%20ATPase%20SSA1,YG100;Ontology_term=GO:0000049,GO:0000209,GO:0000329,GO:0002181,GO:0005634,GO:0005634,GO:0005737,GO:0005737,GO:0005829,GO:0005844,GO:0005886,GO:0006457,GO:0006606,GO:0006606,GO:0006616,GO:0006626,GO:0009277,GO:0016887,GO:0016887,GO:0035617,GO:0042026,GO:0042026,GO:0043161,GO:0043161,GO:0051082,GO:0072318,GO:0072671,SO:0000704;Note=ATPase%20involved%20in%20protein%20folding%20and%20NLS-directed%20nuclear%20transport%3B%20member%20of%20HSP70%20family%3B%20required%20for%20ubiquitin-dependent%20degradation%20of%20short-lived%20proteins%3B%20forms%20chaperone%20complex%20with%20Ydj1p%3B%20localized%20to%20nucleus%2C%20cytoplasm%2C%20cell%20wall%3B%2098%%20identical%20to%20paralog%20Ssa2p%20with%20different%20functional%20specificity%20in%20propagation%20of%20yeast%20[URE3]%20prions%2C%20vacuolar-mediated%20degradations%20of%20gluconeogenesis%20enzymes%3B%20general%20targeting%20factor%20of%20Hsp104p%20to%20prion%20fibrils;display=ATPase%20involved%20in%20protein%20folding%20and%20NLS-directed%20nuclear%20transport;dbxref=SGD:S000000004;orf_classification=Verified;curie=SGD:S000000004"
"81",81,"GATGAAGTGGTTGACCAATCTGTTGTCAAAATCTTCACCACCCAA","ATCAATACCGACAGCTTTTGACATATTATCTGTTATTTACTTGAA","ID=YAL004W;Name=YAL004W;Ontology_term=GO:0003674,GO:0005575,GO:0008150,SO:0000704;Note=Dubious%20open%20reading%20frame%3B%20unlikely%20to%20encode%20a%20functional%20protein%2C%20based%20on%20available%20experimental%20and%20comparative%20sequence%20data%3B%20completely%20overlaps%20verified%20gene%20SSA1/YAL005C;display=Dubious%20open%20reading%20frame;dbxref=SGD:S000002136;orf_classification=Dubious;curie=SGD:S000002136"
"82",82,"CTACCTTTCAGCACTGAAGAGTCCAACCGAATATATACACACATA","AAGGCTTTTTTATAAACTTTTTATAATTAACATTAAAGCAAAAAC","ID=YAL003W;Name=YAL003W;gene=EFB1;Alias=EFB1,EF-1beta,TEF5,eEF1Balpha,translation%20elongation%20factor%201%20subunit%20beta;Ontology_term=GO:0005085,GO:0005853,GO:0006414,GO:0006449,GO:0032232,GO:1990145,SO:0000704;Note=Translation%20elongation%20factor%201%20beta%3B%20stimulates%20nucleotide%20exchange%20to%20regenerate%20EF-1%20alpha-GTP%20for%20the%20next%20elongation%20cycle%3B%20part%20of%20the%20EF-1%20complex%2C%20which%20facilitates%20binding%20of%20aminoacyl-tRNA%20to%20the%20ribosomal%20A%20site%3B%20human%20homolog%20EEF1B2%20can%20complement%20yeast%20efb1%20mutants;display=Translation%20elongation%20factor%201%20beta;dbxref=SGD:S000000003;orf_classification=Verified;curie=SGD:S000000003"
"83",83,"GTGTAAAATATATATCTGCCGAGACCATTACTCATTACACCTAGA","CATTTCTAAATATTTAATACAACTTTGGTTACATAAAAGTAAAAT","ID=YAL002W;Name=YAL002W;gene=VPS8;Alias=VPS8,CORVET%20complex%20membrane-binding%20subunit%20VPS8,FUN15,VPL8,VPT8;Ontology_term=GO:0005770,GO:0006623,GO:0016020,GO:0032511,GO:0033263,GO:0043495,GO:0051020,GO:0051020,SO:0000704;Note=Membrane-binding%20component%20of%20the%20CORVET%20complex%3B%20involved%20in%20endosomal%20vesicle%20tethering%20and%20fusion%20in%20the%20endosome%20to%20vacuole%20protein%20targeting%20pathway%3B%20interacts%20with%20Vps21p%3B%20contains%20RING%20finger%20motif;display=Membrane-binding%20component%20of%20the%20CORVET%20complex;dbxref=SGD:S000000002;orf_classification=Verified;curie=SGD:S000000002"
"84",84,"TCTCTCTTCTCCTGCAAACCAACTTCGGTTGATCGGTGTTCTTTT","ACTTTACTCCACATATTTAAAATGAAAATACATTGGTTTCAACAT","ID=YAL001C;Name=YAL001C;gene=TFC3;Alias=TFC3,FUN24,TSV115,tau%20138,transcription%20factor%20TFIIIC%20subunit%20TFC3;Ontology_term=GO:0000127,GO:0000127,GO:0000127,GO:0000127,GO:0001002,GO:0001002,GO:0001003,GO:0005739,GO:0005739,GO:0006383,GO:0006383,GO:0006383,GO:0008301,GO:0042791,GO:0042791,GO:0071168,SO:0000704;Note=Subunit%20of%20RNA%20polymerase%20III%20transcription%20initiation%20factor%20complex%3B%20part%20of%20TauB%20domain%20of%20TFIIIC%20that%20binds%20DNA%20at%20BoxB%20promoter%20sites%20of%20tRNA%20and%20similar%20genes%3B%20cooperates%20with%20Tfc6p%20in%20DNA%20binding%3B%20largest%20of%20six%20subunits%20of%20RNA%20polymerase%20III%20transcription%20initiation%20factor%20complex%20%28TFIIIC%29%3B%20colocalizes%20with%20condensin%20at%20pol%20III%20genes%20and%20several%20ETC%20%28extra%20TFIIIC%29%20sites%3B%20may%20have%20a%20role%20in%20recruiting%20or%20stabilizing%20Scc2/4%20and%20condensin%20on%20chromosomes;display=Subunit%20of%20RNA%20polymerase%20III%20transcription%20initiation%20factor%20complex;dbxref=SGD:S000000001;orf_classification=Verified;curie=SGD:S000000001"
"85",85,"TTTACATCAAATAAGCACCGCAAGATATCCTAAAATCGACATCCA","TAATGAAAATTTTAGCCGTGACATAATTACCGTATAGCCCAACTC","ID=YAR002W;Name=YAR002W;gene=NUP60;Alias=NUP60,FG-nucleoporin%20NUP60;Ontology_term=GO:0000972,GO:0000972,GO:0000972,GO:0000973,GO:0005543,GO:0005634,GO:0005643,GO:0005829,GO:0006302,GO:0006607,GO:0006607,GO:0006611,GO:0006913,GO:0008298,GO:0016973,GO:0016973,GO:0017056,GO:0017056,GO:0017056,GO:0030466,GO:0031990,GO:0034398,GO:0034398,GO:0044613,GO:0044615,GO:0051276,GO:0060188,SO:0000704;Note=FG-nucleoporin%20component%20of%20central%20core%20of%20the%20nuclear%20pore%20complex%3B%20contributes%20directly%20to%20nucleocytoplasmic%20transport%20and%20maintenance%20of%20the%20nuclear%20pore%20complex%20%28NPC%29%20permeability%20barrier%3B%20involved%20in%20gene%20tethering%20at%20the%20nuclear%20periphery%3B%20relocalizes%20to%20the%20cytosol%20in%20response%20to%20hypoxia%3B%20both%20NUP1%20and%20NUP60%20are%20homologous%20to%20human%20NUP153;display=FG-nucleoporin%20component%20of%20central%20core%20of%20the%20nuclear%20pore%20complex;dbxref=SGD:S000000063;orf_classification=Verified;curie=SGD:S000000063"
"86",86,"CATCAAACCTTTTCATAAATTTCCATTGGTTAGAGAGATGATTAG","AGTCTGATTTTTGGAAAATACATAGAAGATCTTTAAATATCAAAT","ID=YAR002C-A;Name=YAR002C-A;gene=ERP1;Alias=ERP1;Ontology_term=GO:0003674,GO:0005739,GO:0005739,GO:0006621,GO:0006888,GO:0006888,GO:0030134,SO:0000704;Note=Member%20of%20the%20p24%20family%20involved%20in%20ER%20to%20Golgi%20transport%3B%20role%20in%20misfolded%20protein%20quality%20control%3B%20forms%20heterotrimeric%20complex%20with%20Erp2p%2C%20Emp24p%2C%20and%20Erv25p%3B%20localized%20to%20COPII-coated%20vesicles%3B%20ERP1%20has%20a%20paralog%2C%20ERP6%2C%20that%20arose%20from%20the%20whole%20genome%20duplication;display=Member%20of%20the%20p24%20family%20involved%20in%20ER%20to%20Golgi%20transport;dbxref=SGD:S000002129;orf_classification=Verified;curie=SGD:S000002129"
"87",87,"GACCGAGTCCTTTTAGTTTGTGTATATCAGCTGGTTCTTTTCGTT","GTTTCTCTTCAAAAGGAGAAAGTTTAAATAGGCAACTGACACTGA","ID=YAR003W;Name=YAR003W;gene=SWD1;Alias=SWD1,COMPASS%20subunit%20protein%20SWD1,CPS50,FUN16,SAF49;Ontology_term=GO:0000723,GO:0006355,GO:0031509,GO:0031509,GO:0031509,GO:0042800,GO:0042800,GO:0042800,GO:0042800,GO:0048188,GO:0048188,GO:0048188,GO:0051568,GO:0051568,GO:0051568,GO:0051568,GO:0051568,SO:0000704;Note=Subunit%20of%20the%20COMPASS%20%28Set1C%29%20complex%3B%20COMPASS%20methylates%20histone%20H3%20on%20lysine%204%20and%20is%20required%20in%20transcriptional%20silencing%20near%20telomeres%3B%20WD40%20beta%20propeller%20superfamily%20member%20with%20similarity%20to%20mammalian%20Rbbp7;display=Subunit%20of%20the%20COMPASS%20%28Set1C%29%20complex;dbxref=SGD:S000000064;orf_classification=Verified;curie=SGD:S000000064"
"88",88,"CCATTTCCGCTTTGGTCGTTCTTCTGGTCTAATATGAATGTTCTC","ACATAGTTTATTAGTTCATGATAAATTAGATACATTGTATACTCT","ID=YAR007C;Name=YAR007C;gene=RFA1;Alias=RFA1,BUF2,FUN3,RPA1,RPA70,replication%20factor%20A%20subunit%20protein%20RFA1;Ontology_term=GO:0000722,GO:0000724,GO:0000781,GO:0000794,GO:0003690,GO:0003697,GO:0003729,GO:0005634,GO:0005662,GO:0005737,GO:0005829,GO:0006260,GO:0006265,GO:0006268,GO:0006281,GO:0006289,GO:0006312,GO:0007004,GO:0007131,GO:0010833,GO:0016567,GO:0016567,GO:0030491,GO:0032079,GO:0032079,GO:0043565,GO:0045184,GO:1905776,SO:0000704;Note=Subunit%20of%20heterotrimeric%20Replication%20Protein%20A%20%28RPA%29%3B%20RPA%20is%20a%20highly%20conserved%20ssDNA%20binding%20protein%20involved%20in%20DNA%20replication%2C%20repair%2C%20and%20recombination%3B%20RPA%20protects%20against%20inappropriate%20telomere%20recombination%2C%20and%20upon%20telomere%20uncapping%2C%20prevents%20cell%20proliferation%20by%20a%20checkpoint-independent%20pathway%3B%20promotes%20recruitment%2C%20helicase%20and%20nuclease%20activities%20of%20Dna2p%3B%20role%20in%20DNA%20catenation/decatenation%20pathway%20of%20chromosome%20disentangling%3B%20relocalizes%20to%20the%20cytosol%20in%20response%20to%20hypoxia;display=Subunit%20of%20heterotrimeric%20Replication%20Protein%20A%20%28RPA%29;dbxref=SGD:S000000065;orf_classification=Verified;curie=SGD:S000000065"
"89",89,"ATTAACATATATGCAAAAAGAACGGCAAAAGGCGAGGAGGTTTTT","GCTGGGAATCAGTCATGTATAATTATTTTCTCAGAATTTATGTAT","ID=YAR008W;Name=YAR008W;gene=SEN34;Alias=SEN34,FUN4,tRNA%20splicing%20endonuclease%20subunit%20SEN34;Ontology_term=GO:0000213,GO:0000213,GO:0000214,GO:0000379,GO:0000379,GO:0005739,GO:0005741,SO:0000704;Note=Subunit%20of%20the%20tRNA%20splicing%20endonuclease%3B%20tRNA%20splicing%20endonuclease%20%28Sen%20complex%29%20is%20composed%20of%20Sen2p%2C%20Sen15p%2C%20Sen34p%2C%20and%20Sen54p%3B%20Sen%20complex%20also%20cleaves%20the%20CBP1%20mRNA%20at%20the%20mitochondrial%20surface%3B%20Sen34p%20contains%20the%20active%20site%20for%20tRNA%203'%20splice%20site%20cleavage%20and%20has%20similarity%20to%20Sen2p%20and%20to%20Archaeal%20tRNA%20splicing%20endonuclease;display=Subunit%20of%20the%20tRNA%20splicing%20endonuclease;dbxref=SGD:S000000066;orf_classification=Verified;curie=SGD:S000000066"
"90",90,"CTTTATGTGCATCAAAAATCTATTGTAAGAGACGAACCATTCTCT","ATAACAGGAATGTTATTTCGGACCAGAAAAAGAGTAGGTTGCTTG","ID=YAR014C;Name=YAR014C;gene=BUD14;Alias=BUD14,protein%20phosphatase%20regulator%20BUD14;Ontology_term=GO:0000131,GO:0005634,GO:0005737,GO:0005934,GO:0005935,GO:0006355,GO:0006355,GO:0007010,GO:0008360,GO:0019888,GO:0019888,GO:0030837,GO:0030837,GO:0030837,GO:0032465,GO:0032880,GO:0060627,GO:0090337,GO:1990615,SO:0000704;Note=Protein%20involved%20in%20bud-site%20selection%3B%20Bud14p-Glc7p%20complex%20is%20a%20cortical%20regulator%20of%20dynein%3B%20forms%20a%20complex%20with%20Kel1p%20and%20Kel2p%20that%20regulates%20Bnr1p%20%28formin%29%20to%20affect%20actin%20cable%20assembly%2C%20cytokinesis%2C%20and%20polarized%20growth%3B%20diploid%20mutants%20display%20a%20random%20budding%20pattern%20instead%20of%20the%20wild-type%20bipolar%20pattern%3B%20relative%20distribution%20to%20the%20nucleus%20increases%20upon%20DNA%20replication%20stress;display=Protein%20involved%20in%20bud-site%20selection;dbxref=SGD:S000000069;orf_classification=Verified;curie=SGD:S000000069"
"91",91,"ATAAGCATTGCTTACAAAGAATACACATACGAAATATTAACGATA","CGTGATTTACATATACTACAAGTCGCCAGTGTAACTCCTCACTGA","ID=YAR015W;Name=YAR015W;gene=ADE1;Alias=ADE1,phosphoribosylaminoimidazolesuccinocarboxamide%20synthase;Ontology_term=GO:0004639,GO:0004639,GO:0004639,GO:0005634,GO:0005737,GO:0006164,GO:0006164,GO:0006164,GO:0006189,GO:0006189,GO:0006189,SO:0000704;Note=N-succinyl-5-aminoimidazole-4-carboxamide%20ribotide%20synthetase%3B%20required%20for%20'de%20novo'%20purine%20nucleotide%20biosynthesis%3B%20red%20pigment%20accumulates%20in%20mutant%20cells%20deprived%20of%20adenine%3B%20protein%20abundance%20increases%20in%20response%20to%20DNA%20replication%20stress;display=N-succinyl-5-aminoimidazole-4-carboxamide%20ribotide%20synthetase;dbxref=SGD:S000000070;orf_classification=Verified;curie=SGD:S000000070"
"92",92,"GTTACTCTCACGATAAACTATTAACTTAGTTAAGAGACACACTCA","TTAAACGAGACTCTTGTAAATATGTAATTATGTATGCCCATACAT","ID=YAR018C;Name=YAR018C;gene=KIN3;Alias=KIN3,FUN52,NPK1,serine/threonine%20protein%20kinase%20KIN3;Ontology_term=GO:0004672,GO:0005575,GO:0006468,GO:0007059,SO:0000704;Note=Nonessential%20serine/threonine%20protein%20kinase%3B%20possible%20role%20in%20DNA%20damage%20response%3B%20influences%20tolerance%20to%20high%20levels%20of%20ethanol;display=Nonessential%20serine/threonine%20protein%20kinase;dbxref=SGD:S000000071;orf_classification=Verified;curie=SGD:S000000071"
"93",93,"GTTTTGTGTGTATTCGTGATGGGTAAAAGGACCATTCTGATATGG","ACATCCTTAACGTACACGTATGTATGTATATATCTCTTTATTATG","ID=YAR019C;Name=YAR019C;gene=CDC15;Alias=CDC15,LYT1,RLT1,serine/threonine%20protein%20kinase%20CDC15;Ontology_term=GO:0000281,GO:0004672,GO:0004674,GO:0004674,GO:0004674,GO:0005737,GO:0005816,GO:0005816,GO:0005935,GO:0007096,GO:0051229,GO:0051229,GO:1903024,GO:1903024,GO:1904750,SO:0000704;Note=Hippo-like%20kinase%20of%20the%20Mitotic%20Exit%20Network%3B%20promotes%20exit%20by%20activating%20the%20Dbf2p%20kinase%3B%20component%20of%20a%20non-canonical%20Hippo%20pathway%20with%20Sps1p%20required%20for%20prospore%20membrane%20closure%2C%20spindle%20disassembly%20and%20sustained%20release%20of%20Cdc14p%20during%20meiotic%20anaphase%20II%3B%20complexes%20with%20Sps1p%20and%20contributes%20to%20its%20phosphorylation%3B%20phosphorylates%20the%20RNAPII%20CTD%20during%20mitosis%3B%20localizes%20to%20the%20bud%20neck%20and%20SPB%20during%20anaphase%20and%20telophase%3B%20relocalizes%20to%20the%20cytoplasm%20upon%20DNA%20replication%20stress;display=Hippo-like%20kinase%20of%20the%20Mitotic%20Exit%20Network;dbxref=SGD:S000000072;orf_classification=Verified;curie=SGD:S000000072"
"94",94,"ATCATTTTCGTACACGACCTCCTTTATTGCCACGACTTGGTCAGT","CATAGAGTGCTAATGAGTTGATAGGCCCAATTTTGATTATGCCTC","ID=YAR019W-A;Name=YAR019W-A;Ontology_term=GO:0003674,GO:0005575,GO:0008150,SO:0000704;Note=Dubious%20open%20reading%20frame%3B%20unlikely%20to%20encode%20a%20functional%20protein%2C%20based%20on%20available%20experimental%20and%20comparative%20sequence%20data%3B%20partially%20overlaps%20ORF%20CDC15/YAR019C;display=Dubious%20open%20reading%20frame;dbxref=SGD:S000028735;orf_classification=Dubious;curie=SGD:S000028735"
"95",95,"TCGGATATAGTAGTGATTCGTTATTGGGTTTTTTGTTGTTTATGT","CGACGAGTGGGTTGACTTTGAATAGGTCAACTTTAACGTCTTCGA","ID=YAR020C;Name=YAR020C;gene=PAU7;Alias=PAU7,seripauperin%20PAU7;Ontology_term=GO:0003674,GO:0005575,GO:0008150,SO:0000704;Note=Member%20of%20the%20seripauperin%20multigene%20family%3B%20active%20during%20alcoholic%20fermentation%2C%20regulated%20by%20anaerobiosis%2C%20inhibited%20by%20oxygen%2C%20repressed%20by%20heme;display=Member%20of%20the%20seripauperin%20multigene%20family;dbxref=SGD:S000000073;orf_classification=Verified;curie=SGD:S000000073"
"96",96,"ATGGTCTCAATAAACGAAATGCTTTAACATGCGCGGTTCATATAT","CATCTCAAATGCATAGATTATATAACCATATTTTTCTTGCGTAGA","ID=YAR023C;Name=YAR023C;Alias=DUP240%20family%20protein;Ontology_term=GO:0003674,GO:0005575,GO:0008150,SO:0000704;Note=Putative%20integral%20membrane%20protein%3B%20member%20of%20DUP240%20gene%20family;display=Putative%20integral%20membrane%20protein;dbxref=SGD:S000000074;orf_classification=Uncharacterized;curie=SGD:S000000074"
"97",97,"CAAAACCATATAATAACCTTACACAAGACAAGATATCAATTCAAC","GGCCGAATTTTTGGTATTTATCTAGTATATTCTAATATAAAATGT","ID=YAR027W;Name=YAR027W;gene=UIP3;Alias=UIP3,DUP240%20family%20protein%20UIP3;Ontology_term=GO:0000329,GO:0003674,GO:0005635,GO:0008150,SO:0000704;Note=Putative%20integral%20membrane%20protein%20of%20unknown%20function%3B%20interacts%20with%20Ulp1p%20at%20the%20nuclear%20periphery%3B%20member%20of%20DUP240%20gene%20family;display=Putative%20integral%20membrane%20protein%20of%20unknown%20function;dbxref=SGD:S000000075;orf_classification=Verified;curie=SGD:S000000075"
"98",98,"GATAACATCTATAAGTGCCATATTAAGGCAAGATATCAATTGACC","AGCGGAAGCATTTTATTCACCAAGTATACTTACTTTTCTTTAAAA","ID=YAR028W;Name=YAR028W;Alias=DUP240%20family%20protein;Ontology_term=GO:0000329,GO:0000329,GO:0003674,GO:0008150,SO:0000704;Note=Putative%20integral%20membrane%20protein%3B%20member%20of%20DUP240%20gene%20family%3B%20GFP-fusion%20protein%20is%20induced%20in%20response%20to%20the%20DNA-damaging%20agent%20MMS;display=Putative%20integral%20membrane%20protein;dbxref=SGD:S000000076;orf_classification=Uncharacterized;curie=SGD:S000000076"
"99",99,"CGCCAGCGTTCGGTGAAAGGGGAATGAAACATTATCACGTACAAG","AACAATCTCAAGTGAAGTATTGGCAAGATATTGGTGCAATTATTT","ID=YAR029W;Name=YAR029W;Alias=DUP240%20family%20protein;Ontology_term=GO:0003674,GO:0005737,GO:0008150,SO:0000704;Note=Member%20of%20DUP240%20gene%20family%20but%20contains%20no%20transmembrane%20domains%3B%20green%20fluorescent%20protein%20%28GFP%29-fusion%20protein%20localizes%20to%20the%20cytoplasm%20in%20a%20punctate%20pattern;display=Member%20of%20DUP240%20gene%20family%20but%20contains%20no%20transmembrane%20domains;dbxref=SGD:S000000077;orf_classification=Uncharacterized;curie=SGD:S000000077"
"100",100,"CGTAAAAAGTAAGTTATGATTCAAGGCCTTACTATGTTTTATTTT","TTTAGAAGAGGCCCTAAATTACACTTTCTAAGCGGTCGAAGTCAG","ID=YAR030C;Name=YAR030C;Ontology_term=GO:0003674,GO:0005575,GO:0008150,SO:0000704;Note=Dubious%20open%20reading%20frame%3B%20unlikely%20to%20encode%20a%20functional%20protein%2C%20based%20on%20available%20experimental%20and%20comparative%20sequence%20data%3B%20partially%20overlaps%20the%20uncharacterized%20ORF%20YAR029W%20and%20the%20verified%20gene%20PRM9;display=Dubious%20open%20reading%20frame;dbxref=SGD:S000001821;orf_classification=Dubious;curie=SGD:S000001821"
"101",101,"ATCAGAAAACTTAACCCGCAACCATCTTTGCTGTGCTAACAACTT","ACAGAAGACGGGAGACACTAGCACACAACTTTACCAGGCAAGGTA","ID=YAR031W;Name=YAR031W;gene=PRM9;Alias=PRM9,pheromone-regulated%20DUP240%20family%20protein%20PRM9;Ontology_term=GO:0003674,GO:0005783,GO:0005783,GO:0005886,GO:0008150,SO:0000704;Note=Pheromone-regulated%20protein%3B%20contains%203%20predicted%20transmembrane%20segments%20and%20an%20FF%20sequence%2C%20a%20motif%20involved%20in%20COPII%20binding%3B%20member%20of%20DUP240%20gene%20family%3B%20PRM9%20has%20a%20paralog%2C%20PRM8%2C%20that%20arose%20from%20a%20segmental%20duplication;display=Pheromone-regulated%20protein;dbxref=SGD:S000000078;orf_classification=Verified;curie=SGD:S000000078"
"102",102,"ACCAGGAATACTATAGTCATAGGCAATACAAGGTATATATTGGCT","CTTAGAGACACTACCATACGTAAAGCGAACATAAACTAGAGTATG","ID=YAR033W;Name=YAR033W;gene=MST28;Alias=MST28,DUP240%20family%20protein%20MST28;Ontology_term=GO:0003674,GO:0005783,GO:0005783,GO:0005783,GO:0005794,GO:0005886,GO:0016021,GO:0016050,GO:0016050,SO:0000704;Note=Putative%20integral%20membrane%20protein%2C%20involved%20in%20vesicle%20formation%3B%20forms%20complex%20with%20Mst27p%3B%20member%20of%20DUP240%20gene%20family%3B%20binds%20COPI%20and%20COPII%20vesicles%3B%20MST28%20has%20a%20paralog%2C%20MST27%2C%20that%20arose%20from%20a%20segmental%20duplication;display=Putative%20integral%20membrane%20protein%2C%20involved%20in%20vesicle%20formation;dbxref=SGD:S000000079;orf_classification=Verified;curie=SGD:S000000079"
"103",103,"CACACGACAATAACCACACCCGCCCACCCCTCCTTTCCGTATACA","GTTTATGCTGAGTTTTTGCGCATCAATATTATTTTTACTACTACT","ID=YAR035W;Name=YAR035W;gene=YAT1;Alias=YAT1,carnitine%20O-acetyltransferase%20YAT1;Ontology_term=GO:0004095,GO:0005739,GO:0005739,GO:0005739,GO:0005739,GO:0009437,SO:0000704;Note=Outer%20mitochondrial%20carnitine%20acetyltransferase%3B%20minor%20ethanol-inducible%20enzyme%20involved%20in%20transport%20of%20activated%20acyl%20groups%20from%20the%20cytoplasm%20into%20the%20mitochondrial%20matrix%3B%20phosphorylated;display=Outer%20mitochondrial%20carnitine%20acetyltransferase;dbxref=SGD:S000000080;orf_classification=Verified;curie=SGD:S000000080"
"104",104,"CACGTGCAAGCGAGCCGCTCATTTTCTCCATTAGGTTTGCTGCCC","ATATAAATTATCATACATCATCATCATCATCATCATCATCATCAT","ID=YAR035C-A;Name=YAR035C-A;Ontology_term=GO:0003674,GO:0005739,GO:0005739,GO:0008150,SO:0000704;Note=Putative%20protein%20of%20unknown%20function%3B%20emerging%20ORF%20that%20arose%20de%20novo%20from%20non-genic%20locus%3B%20identified%20by%20gene-trapping%2C%20microarray-based%20expression%20analysis%2C%20and%20genome-wide%20homology%20searching%3B%20localizes%20to%20mitochondria;display=Putative%20protein%20of%20unknown%20function;dbxref=SGD:S000028595;orf_classification=Uncharacterized;curie=SGD:S000028595"
"105",105,"GAAAAGTTTAAACATCAAAGTACACCTTTCACCCCTCCACACACC","GCTGTGCAATGTAGTCACAATAACACTCGTTCATTTGTATCCATT","ID=YAR042W;Name=YAR042W;gene=SWH1;Alias=SWH1,OSH1,YAR044W,oxysterol-binding%20protein%20related%20protein%20SWH1;Ontology_term=GO:0000138,GO:0005635,GO:0005769,GO:0005783,GO:0006887,GO:0006897,GO:0008289,GO:0015918,GO:0015918,GO:0030011,GO:0034727,GO:0071561,GO:0120015,SO:0000704;Note=Protein%20similar%20to%20mammalian%20oxysterol-binding%20protein%3B%20contains%20ankyrin%20repeats%20and%20FFAT%20motif%3B%20interacts%20with%20ER%20anchor%20Scs2p%20at%20the%20nucleus-vacuole%20junction%3B%20regulated%20by%20sterol%20binding%3B%20SWH1%20has%20a%20paralog%2C%20OSH2%2C%20that%20arose%20from%20the%20whole%20genome%20duplication;display=Protein%20similar%20to%20mammalian%20oxysterol-binding%20protein;dbxref=SGD:S000000081;orf_classification=Verified;curie=SGD:S000000081"
"106",106,"TTCGATAATTGTATTCCACTCGTTGCAGATCCAGTGCATTTAATC","TCTAAAATCTAATCCACTGAATGGTCTCCCTTTAGTCTACAACGT","ID=YAR047C;Name=YAR047C;Ontology_term=GO:0003674,GO:0005575,GO:0008150,SO:0000704;Note=Dubious%20open%20reading%20frame%3B%20unlikely%20to%20encode%20a%20functional%20protein%2C%20based%20on%20available%20experimental%20and%20comparative%20sequence%20data;display=Dubious%20open%20reading%20frame;dbxref=SGD:S000000083;orf_classification=Dubious;curie=SGD:S000000083"
"107",107,"GTTCTTATTTTTAATTCTTGTCACCAGTAAACAGAACATCCAAAA","TAAAATTCGCGTTCTTTTTACGTATCTGTGTATCTTTTCTTTGCT","ID=YAR050W;Name=YAR050W;gene=FLO1;Alias=FLO1,FLO2,FLO4,flocculin%20FLO1;Ontology_term=GO:0000128,GO:0000128,GO:0000128,GO:0000128,GO:0000128,GO:0005537,GO:0009277,GO:0009277,GO:0071944,SO:0000704;Note=Lectin-like%20protein%20involved%20in%20flocculation%3B%20cell%20wall%20protein%20that%20binds%20mannose%20chains%20on%20the%20surface%20of%20other%20cells%2C%20confers%20floc-forming%20ability%20that%20is%20chymotrypsin%20sensitive%20and%20heat%20resistant%3B%20important%20for%20co-flocculation%20with%20other%20yeasts%2C%20mediating%20interaction%20with%20specific%20species%3B%20FLO1%20has%20a%20paralog%2C%20FLO5%2C%20that%20arose%20from%20a%20segmental%20duplication;display=Lectin-like%20protein%20involved%20in%20flocculation;dbxref=SGD:S000000084;orf_classification=Verified;curie=SGD:S000000084"
"108",108,"TCAATTCGATATTTCATAAGTTACAACTAACACTTATAGAAACCG","AAGTGCACCAAAATTATTGTAAAACTACTTGCCCTAAAATTGATA","ID=YAR053W;Name=YAR053W;Ontology_term=GO:0003674,GO:0005575,GO:0008150,SO:0000704;Note=Dubious%20open%20reading%20frame%3B%20unlikely%20to%20encode%20a%20functional%20protein%2C%20based%20on%20available%20experimental%20and%20comparative%20sequence%20data;display=Dubious%20open%20reading%20frame;dbxref=SGD:S000000085;orf_classification=Dubious;curie=SGD:S000000085"
"109",109,"AATAGCCGCACGCGTCCTTTTCTTTCTTTTTCCTTCCTTTTTCTC","AGTTTTAGTAACAAAATAGCGAAAAAAATTTAATGTCGAATCTTC","ID=YAR060C;Name=YAR060C;Ontology_term=GO:0003674,GO:0005575,GO:0008150,SO:0000704;Note=Dubious%20open%20reading%20frame%3B%20unlikely%20to%20encode%20a%20functional%20protein%2C%20based%20on%20available%20experimental%20and%20comparative%20sequence%20data%3B%20YAR060C%20has%20a%20paralog%2C%20YHR212C%2C%20that%20arose%20from%20a%20segmental%20duplication;display=Dubious%20open%20reading%20frame;dbxref=SGD:S000000086;orf_classification=Dubious;curie=SGD:S000000086"
"110",110,"AAAGATATTCTTTAACGAGACGGAGTAATTCTCGTCAGGAATAGG","ATCATTGCTTGAATAAGCACCTCACAGAGTAGGGATTGTATAGAA","ID=YAR064W;Name=YAR064W;Ontology_term=GO:0003674,GO:0005575,GO:0008150,SO:0000704;Note=Pseudogenic%20fragment%20with%20similarity%20to%20flocculins%3B%20YAR064W%20has%20a%20paralog%2C%20YHR213W-B%2C%20that%20arose%20from%20a%20segmental%20duplication;display=Pseudogenic%20fragment%20with%20similarity%20to%20flocculins;dbxref=SGD:S000000089;orf_classification=Uncharacterized;curie=SGD:S000000089"
"111",111,"TTTCTTTTTATTGGTAAACTCTCGCCCATTACAAAAAAAAAAGAG","CGTAGAGACGACGATGAAGGCTCTGTAAATAACGGTGAAATCAAC","ID=YAR066W;Name=YAR066W;Ontology_term=GO:0003674,GO:0005575,GO:0008150,SO:0000704;Note=Putative%20GPI%20protein%3B%20SWAT-GFP%20and%20mCherry%20fusion%20proteins%20localize%20to%20the%20endoplasmic%20reticulum%20and%20vacuole%20respectively%3B%20YAR066W%20has%20a%20paralog%2C%20YHR214W%2C%20that%20arose%20from%20a%20segmental%20duplication;display=Putative%20GPI%20protein;dbxref=SGD:S000002144;orf_classification=Uncharacterized;curie=SGD:S000002144"
"112",112,"CCTCAGGTTCCGCTTCTGTCTACACTACTACATTAACTTACTTGA","GAACCAATGCTTTAAGTACTTTGGCAGGTATTTTCATCCTTGCTT","ID=YAR068W;Name=YAR068W;Ontology_term=GO:0003674,GO:0005575,GO:0008150,SO:0000704;Note=Fungal-specific%20protein%20of%20unknown%20function%3B%20induced%20in%20respiratory-deficient%20cells%3B%20YAR068W%20has%20a%20paralog%2C%20YHR214W-A%2C%20that%20arose%20from%20a%20segmental%20duplication;display=Fungal-specific%20protein%20of%20unknown%20function;dbxref=SGD:S000000091;orf_classification=Uncharacterized;curie=SGD:S000000091"
"113",113,"GTGTTTTGTCAGCCAGCCTATTATAGAGGAAGGTTGTCATCCTCT","TAGATGCAAATCATATTCTTTTAACATAACAGCTCAGAATCGACT","ID=YAR069C;Name=YAR069C;Ontology_term=GO:0003674,GO:0005575,GO:0008150,SO:0000704;Note=Dubious%20open%20reading%20frame%3B%20unlikely%20to%20encode%20a%20protein%2C%20based%20on%20available%20experimental%20and%20comparative%20sequence%20data%3B%20YAR069C%20has%20a%20paralog%2C%20YHR214C-D%2C%20that%20arose%20from%20a%20segmental%20duplication;display=Dubious%20open%20reading%20frame;dbxref=SGD:S000000092;orf_classification=Dubious;curie=SGD:S000000092"
"114",114,"CTTTTACTATTTTCTTGCTTTTTTAGGGAAATAAAAGAGTAGAAC","TGGTCATTAATGTACACGCCGAGATAACCGTAACAAGTATAGACA","ID=YAR070C;Name=YAR070C;Ontology_term=GO:0003674,GO:0005575,GO:0008150,SO:0000704;Note=Dubious%20open%20reading%20frame%3B%20unlikely%20to%20encode%20a%20protein%2C%20based%20on%20available%20experimental%20and%20comparative%20sequence%20data%3B%20YAR070C%20has%20a%20paralog%2C%20YHR214C-B%2C%20that%20arose%20from%20a%20segmental%20duplication;display=Dubious%20open%20reading%20frame;dbxref=SGD:S000000093;orf_classification=Dubious;curie=SGD:S000000093"
"115",115,"GGAACAACAACAGCAAAGAGAGCAAGAACATCATCAGAAATACCA","ATAGATAATATGATTATGTAATTTTAGAAACTAATTATGAATACC","ID=YAR071W;Name=YAR071W;gene=PHO11;Alias=PHO11,acid%20phosphatase%20PHO11;Ontology_term=GO:0003993,GO:0005576,GO:0006796,GO:0071944,SO:0000704;Note=One%20of%20three%20repressible%20acid%20phosphatases%3B%20glycoprotein%20that%20is%20transported%20to%20the%20cell%20surface%20by%20the%20secretory%20pathway%3B%20induced%20by%20phosphate%20starvation%20and%20coordinately%20regulated%20by%20PHO4%20and%20PHO2%3B%20PHO11%20has%20a%20paralog%2C%20PHO12%2C%20that%20arose%20from%20a%20segmental%20duplication;display=One%20of%20three%20repressible%20acid%20phosphatases;dbxref=SGD:S000000094;orf_classification=Verified;curie=SGD:S000000094"
"116",116,"CAAATATAATATGTGCAATTAATAACTCCACAAGTAGCGAAAGCA","ATATCTCTATCAAGATGGTAAAAGATTGAAGGCGTATCGTGGTAT","ID=YAR073W;Name=YAR073W;gene=IMD1;Alias=IMD1,IMP%20dehydrogenase;Ontology_term=GO:0003674,GO:0005575,GO:0008150,SO:0000704;Note=Nonfunctional%20protein%20with%20homology%20to%20IMP%20dehydrogenase%3B%20blocked%20reading%20frame%2C%20located%20close%20to%20the%20telomere%3B%20not%20expressed%20at%20detectable%20levels%3B%20YAR073W%20and%20YAR075W%20comprise%20a%20continuous%20reading%20frame%20in%20most%20strains%20of%20S.%20cerevisiae%3B%20YAR073W/YAR075W%20together%20have%20a%20paralog%2C%20IMD2%2C%20that%20arose%20from%20a%20segmental%20duplication;display=Nonfunctional%20protein%20with%20homology%20to%20IMP%20dehydrogenase;dbxref=SGD:S000000095;orf_classification=Dubious;curie=SGD:S000000095"
"117",117,"ACGTGTGTGAATTTGCTAACCAATTCGGTGTTCCATGTATGGCTG","ATGTTAAATGGGATCATTAATACAATAGTACTGTACGTATGGCAC","ID=YAR075W;Name=YAR075W;Ontology_term=GO:0003674,GO:0005575,GO:0008150,SO:0000704;Note=Non-functional%20protein%20with%20homology%20IMP%20dehydrogenase%3B%20YAR073W/IMD1%20and%20YAR075W%20comprise%20a%20continuous%20reading%20frame%20in%20most%20strains%20of%20S.%20cerevisiae%3B%20YAR073W/YAR075W%20together%20have%20a%20paralog%2C%20IMD2%2C%20that%20arose%20from%20a%20segmental%20duplication;display=Non-functional%20protein%20with%20homology%20IMP%20dehydrogenase;dbxref=SGD:S000002145;orf_classification=Dubious;curie=SGD:S000002145"
